User_ID,signup_date,acquisition_channel,account_type,state,age_group,churned,churn_type,total_transactions,total_deposited,total_withdrawn,total_round_ups,running_balance,first_transaction_date,last_transaction_date,days_since_last_transaction,total_events,last_event_date,avg_session_duration_sec
1333,2025-07-01,Referral,Banking,FL,25-34,1,Explicit,14,883.5599999999998,62.88,3.2,820.68,2025-07-02,2025-07-27,248,27,2025-08-04,304.77777777777777
1207,2025-05-24,Organic,Banking,AZ,18-24,1,Explicit,13,492.8,66.47,4.33,426.33000000000004,2025-06-17,2025-10-01,182,29,2025-10-01,341.7586206896552
1084,2025-08-21,Organic,Banking,WA,25-34,1,Explicit,16,1199.3100000000002,74.68,3.81,1124.63,2025-09-12,2025-11-17,135,28,2025-11-24,274.25
1129,2025-08-19,Organic,Invest,CO,45-54,1,Explicit,21,995.0199999999999,492.37,4.67,502.65,2025-08-19,2025-09-09,204,24,2025-09-09,248.25
1101,2025-06-06,Referral,Both,IL,18-24,1,Explicit,14,1231.23,147.6,2.16,1083.6299999999999,2025-06-08,2025-07-31,244,20,2025-08-04,260.45
1225,2025-05-09,Referral,Invest,AZ,55+,1,Explicit,18,545.4000000000001,99.82,9.750000000000002,445.58,2025-05-22,2026-01-09,82,31,2026-01-29,278.0
1370,2025-06-25,Email,Banking,GA,25-34,1,Explicit,18,688.4100000000001,217.24,6.54,471.1700000000001,2025-06-29,2025-10-04,179,27,2025-10-05,331.3703703703704
1206,2025-09-15,Email,Both,TX,25-34,1,Explicit,22,1205.76,672.97,5.7,532.79,2025-09-15,2025-10-09,174,21,2025-10-09,353.6666666666667
1441,2025-09-04,Referral,Invest,IL,25-34,1,Explicit,18,1225.2399999999998,338.53,2.63,886.71,2025-09-07,2025-11-23,129,30,2025-12-30,276.3
1058,2025-07-14,App Store,Banking,TX,18-24,1,Explicit,20,871.63,129.66,5.14,741.97,2025-07-18,2026-01-22,69,27,2026-01-30,319.48148148148147
1425,2025-06-02,Paid Social,Both,IL,35-44,1,Explicit,20,1350.1100000000001,316.78,2.06,1033.33,2025-06-05,2025-08-31,213,19,2025-08-31,282.2631578947368
1191,2025-08-21,Paid Social,Invest,TX,45-54,1,Explicit,14,622.83,0.0,2.81,622.83,2025-09-06,2025-12-22,100,20,2025-12-22,336.45
1373,2025-07-21,Organic,Both,FL,18-24,1,Explicit,24,2061.9800000000005,0.0,4.24,2061.9800000000005,2025-07-21,2025-11-21,131,29,2025-11-25,327.41379310344826
1371,2025-08-03,Referral,Banking,CO,18-24,1,Explicit,15,1167.22,130.09,2.28,1037.13,2025-08-04,2025-12-08,114,21,2025-12-15,293.6666666666667
1335,2025-09-13,Organic,Both,CA,45-54,1,Explicit,16,1268.34,297.29999999999995,3.39,971.04,2025-09-14,2025-11-29,123,16,2025-11-29,379.8125
1033,2026-02-12,Organic,Invest,TX,45-54,0,Active,14,615.32,22.17,4.21,593.1500000000001,2026-02-12,2026-04-23,-22,21,2026-04-19,350.6190476190476
1039,2025-12-10,Referral,Banking,FL,35-44,0,Active,14,885.91,185.17,3.45,700.74,2025-12-15,2026-04-14,-13,22,2026-04-15,320.6363636363636
1045,2025-07-11,App Store,Banking,WA,18-24,0,Active,17,1300.45,0.0,3.92,1300.45,2025-09-14,2026-03-03,29,31,2026-04-03,329.8709677419355
1060,2025-08-09,Organic,Both,TX,35-44,0,Active,16,1338.2,452.40999999999997,1.47,885.79,2025-09-23,2026-03-19,13,21,2026-05-04,312.3809523809524
1078,2025-07-18,Paid Social,Banking,WA,18-24,1,Silent,15,513.24,50.72,3.61,462.5199999999999,2025-07-19,2025-11-01,151,30,2025-11-02,263.03333333333336
1127,2025-06-26,Organic,Invest,NY,35-44,0,Active,17,1028.9899999999998,498.88,2.4699999999999998,530.11,2025-07-16,2026-04-27,-26,15,2026-04-13,356.6666666666667
1135,2026-03-22,Organic,Banking,FL,55+,0,Active,18,1509.1899999999998,294.1,2.4699999999999998,1215.09,2026-03-22,2026-05-04,-33,21,2026-05-01,304.14285714285717
1136,2026-03-19,Organic,Banking,NY,35-44,0,Active,12,636.39,305.97,1.59,330.41999999999996,2026-03-30,2026-04-30,-29,29,2026-05-04,303.7241379310345
1162,2025-08-25,Paid Social,Invest,NY,55+,0,Active,12,990.5,77.65,0.73,912.8500000000001,2025-08-28,2026-04-05,-4,28,2026-04-25,313.57142857142856
1193,2026-03-31,Organic,Invest,AZ,25-34,0,Active,11,589.6899999999999,0.0,2.37,589.6899999999999,2026-04-03,2026-05-04,-33,22,2026-05-03,308.6818181818182
1196,2025-12-26,Referral,Invest,NY,18-24,0,Active,16,669.77,0.0,5.609999999999999,669.77,2025-12-31,2026-04-30,-29,26,2026-05-04,323.38461538461536
1199,2026-01-18,Organic,Both,WA,55+,0,Active,11,579.54,44.05,3.1199999999999997,535.49,2026-01-22,2026-04-22,-21,29,2026-05-04,342.58620689655174
1202,2025-05-25,Email,Both,WA,18-24,1,Silent,17,1013.6600000000002,160.09,2.329999999999999,853.57,2025-06-07,2025-09-12,201,21,2025-08-27,274.85714285714283
1215,2025-12-05,Organic,Invest,WA,18-24,0,Active,21,1648.2299999999996,238.46,3.75,1409.7699999999995,2025-12-08,2026-05-03,-32,27,2026-04-21,343.48148148148147
1230,2025-11-26,Organic,Invest,IL,18-24,0,Active,13,1230.26,34.23,2.0100000000000002,1196.0300000000002,2025-12-12,2026-04-27,-26,28,2026-05-03,337.5
1231,2025-06-13,App Store,Invest,WA,35-44,0,Active,19,632.66,215.1,6.63,417.56,2025-06-16,2026-04-12,-11,25,2026-04-23,304.6
1252,2026-01-02,Email,Banking,CA,55+,0,Active,25,1490.05,257.71,6.24,1232.34,2026-01-05,2026-04-28,-27,23,2026-04-30,355.95652173913044
1263,2025-09-08,Organic,Invest,FL,25-34,0,Active,10,503.61,163.82,3.58,339.79,2025-09-17,2026-02-19,41,19,2026-02-14,361.7368421052632
1271,2026-03-10,Paid Social,Both,AZ,25-34,0,Active,13,1024.68,0.0,1.43,1024.68,2026-03-12,2026-05-02,-31,24,2026-05-03,281.3333333333333
1306,2025-06-08,Referral,Invest,FL,25-34,0,Active,23,1748.21,40.86,5.130000000000001,1707.35,2025-06-09,2026-04-16,-15,24,2026-05-02,345.7916666666667
1315,2025-06-12,Email,Banking,NY,18-24,0,Active,13,664.92,0.0,2.19,664.92,2025-06-26,2026-04-21,-20,33,2026-04-16,331.1515151515151
1320,2026-03-14,Referral,Banking,NY,25-34,0,Active,10,972.37,0.0,1.26,972.37,2026-03-19,2026-04-24,-23,18,2026-05-01,283.05555555555554
1323,2025-05-07,Paid Social,Banking,CO,45-54,0,Active,17,1016.8800000000001,100.28,3.0900000000000003,916.6000000000001,2025-05-21,2026-04-29,-28,31,2026-05-02,285.4516129032258
1334,2025-07-01,Paid Social,Both,OH,18-24,1,Silent,22,1146.01,496.88,4.01,649.1299999999999,2025-07-03,2025-11-20,132,20,2025-11-05,384.55
1340,2025-10-14,Organic,Banking,WA,35-44,0,Active,10,563.78,109.41,3.02,454.36999999999995,2025-10-20,2026-02-20,40,17,2026-02-16,292.05882352941177
1350,2026-03-17,Paid Social,Banking,FL,35-44,0,Active,18,397.03999999999996,457.61,5.7299999999999995,-60.57000000000001,2026-03-19,2026-04-29,-28,26,2026-05-04,325.2307692307692
1367,2026-03-08,Referral,Banking,WA,25-34,0,Active,21,1399.1600000000003,28.02,4.25,1371.14,2026-03-08,2026-05-01,-30,26,2026-05-04,302.0769230769231
1392,2025-05-25,Paid Social,Both,OH,45-54,0,Active,20,1020.25,46.55,4.04,973.7,2025-06-10,2026-04-27,-26,28,2026-04-30,360.75
1400,2025-10-15,Paid Social,Banking,WA,25-34,0,Active,17,1425.86,0.0,4.200000000000001,1425.86,2025-11-11,2026-04-27,-26,25,2026-04-29,265.68
1407,2026-04-20,Referral,Banking,OH,25-34,0,Active,17,465.34000000000003,347.6,5.36,117.74,2026-04-20,2026-05-04,-33,32,2026-05-04,374.3125
1467,2025-05-30,Referral,Invest,WA,25-34,0,Active,24,969.78,342.26000000000005,6.55,627.5199999999998,2025-06-06,2026-02-12,48,18,2026-02-27,303.5
1468,2026-01-25,Referral,Invest,OH,18-24,0,Active,20,1351.82,228.57999999999998,3.32,1123.24,2026-01-30,2026-04-18,-17,19,2026-04-29,406.1578947368421
1469,2026-03-04,Paid Social,Invest,CO,35-44,0,Active,15,806.6800000000001,299.53,2.75,507.15,2026-03-05,2026-04-29,-28,25,2026-04-29,311.48
1489,2026-04-30,Paid Social,Invest,OH,35-44,0,Active,19,763.84,214.19,6.449999999999999,549.65,2026-04-30,2026-05-04,-33,24,2026-05-04,266.125
1495,2025-05-13,Referral,Banking,NY,35-44,0,Active,17,681.1,320.53,4.43,360.57000000000005,2025-05-14,2026-04-21,-20,27,2026-05-01,298.037037037037
1016,2025-09-07,Paid Social,Invest,TX,35-44,0,Active,10,91.76,89.0,5.53,2.7600000000000096,2025-09-21,2026-03-28,4,19,2026-03-30,277.5263157894737
1018,2025-08-17,Organic,Invest,WA,35-44,0,Active,17,1105.1699999999998,0.0,3.55,1105.1699999999998,2025-09-09,2026-04-28,-27,22,2026-04-22,313.1818181818182
1019,2025-09-28,App Store,Invest,NY,35-44,0,Active,26,1181.15,140.01999999999998,7.760000000000002,1041.13,2025-10-02,2026-05-01,-30,24,2026-04-22,297.4583333333333
1036,2025-07-12,Organic,Banking,AZ,18-24,0,Active,17,1274.29,40.51,4.13,1233.7800000000002,2025-07-19,2026-05-02,-31,26,2026-05-01,338.11538461538464
1053,2025-09-07,Organic,Invest,FL,25-34,0,Active,15,1602.8499999999997,0.0,3.5199999999999996,1602.8499999999997,2025-09-25,2026-04-12,-11,13,2026-04-19,314.9230769230769
1088,2026-03-02,Email,Both,NY,25-34,0,Active,11,512.79,174.39,1.2000000000000002,338.4,2026-03-09,2026-05-01,-30,17,2026-04-27,314.3529411764706
1089,2025-12-16,Organic,Banking,TX,55+,0,Active,12,721.3699999999999,204.11,1.18,517.26,2025-12-24,2026-04-25,-24,29,2026-04-24,292.0689655172414
1111,2025-09-14,Referral,Banking,CO,35-44,0,Active,13,303.0,450.14,2.87,-147.14,2025-09-18,2026-04-15,-14,28,2026-04-19,297.42857142857144
1160,2025-09-22,Paid Social,Banking,WA,45-54,0,Active,20,1535.85,192.18,6.04,1343.6699999999998,2025-10-06,2026-04-27,-26,20,2026-04-28,288.7
1168,2025-05-06,Email,Invest,CA,45-54,1,Silent,19,897.4899999999999,0.0,5.43,897.4899999999999,2025-05-27,2025-10-20,163,24,2025-11-30,270.6666666666667
1184,2026-01-16,Paid Social,Invest,TX,18-24,0,Active,16,893.6200000000001,0.0,4.75,893.6200000000001,2026-01-26,2026-04-22,-21,21,2026-04-18,274.42857142857144
1192,2025-08-29,Organic,Banking,NY,18-24,0,Active,22,1314.2800000000002,0.0,6.26,1314.2800000000002,2025-09-27,2026-05-03,-32,15,2026-04-07,303.2
1234,2026-04-26,App Store,Both,OH,45-54,0,Active,24,1148.56,289.01,6.179999999999999,859.5499999999997,2026-04-26,2026-05-04,-33,30,2026-05-04,299.93333333333334
1260,2025-11-17,Paid Social,Banking,GA,25-34,0,Active,14,818.3099999999998,74.06,2.4899999999999998,744.2499999999999,2025-11-21,2026-03-01,31,35,2026-03-25,335.65714285714284
1262,2025-06-27,Paid Social,Banking,NY,18-24,0,Active,11,582.8299999999999,107.15,1.8399999999999999,475.67999999999995,2025-07-11,2026-03-26,6,27,2026-04-24,335.55555555555554
1268,2025-12-26,Paid Social,Invest,TX,35-44,0,Active,20,810.57,554.95,4.0200000000000005,255.62000000000003,2025-12-28,2026-05-01,-30,14,2026-04-10,356.5
1279,2026-01-06,Paid Social,Both,NY,45-54,0,Active,17,891.72,229.33,5.57,662.39,2026-01-06,2026-05-03,-32,30,2026-05-01,311.06666666666666
1285,2026-02-25,Organic,Invest,AZ,35-44,0,Active,15,1335.82,271.68,2.4299999999999997,1064.14,2026-02-28,2026-05-04,-33,32,2026-04-27,287.125
1346,2025-08-10,Organic,Invest,WA,25-34,0,Active,12,632.98,163.43,3.5199999999999996,469.54999999999995,2025-10-01,2026-03-19,13,18,2026-05-04,294.55555555555554
1353,2025-10-02,Paid Social,Banking,TX,25-34,0,Active,16,1013.7199999999999,510.76,3.17,502.96000000000004,2025-10-02,2026-05-02,-31,26,2026-04-17,251.26923076923077
1360,2026-01-21,Referral,Both,IL,55+,0,Active,12,612.2,413.79999999999995,3.07,198.40000000000003,2026-01-25,2026-04-23,-22,24,2026-04-30,320.625
1378,2026-05-01,Paid Social,Both,CA,18-24,0,Active,17,681.2900000000001,89.8,3.58,591.49,2026-05-01,2026-05-04,-33,21,2026-05-04,247.95238095238096
1380,2025-12-17,Organic,Banking,WA,35-44,0,Active,17,1128.5,497.85,3.88,630.65,2025-12-19,2026-04-27,-26,17,2026-05-01,304.47058823529414
1387,2025-10-23,Paid Social,Invest,OH,25-34,0,Active,19,1033.06,209.57,4.050000000000001,823.49,2025-10-27,2026-03-13,19,31,2026-04-27,238.1290322580645
1434,2025-10-25,Referral,Banking,GA,25-34,0,Active,19,1320.8000000000002,338.32,2.77,982.4800000000002,2025-10-26,2026-03-08,24,31,2026-03-08,328.80645161290323
1437,2026-04-21,Email,Invest,CA,35-44,0,Active,15,277.80999999999995,124.51,3.0,153.29999999999995,2026-04-22,2026-05-04,-33,28,2026-05-04,276.5
1450,2025-06-10,Referral,Banking,NY,25-34,1,Silent,14,491.12000000000006,0.0,6.740000000000001,491.12000000000006,2025-06-17,2025-09-28,185,24,2025-09-29,297.625
1455,2026-04-13,Referral,Banking,NY,35-44,0,Active,12,928.93,206.84,1.8800000000000001,722.0899999999999,2026-04-16,2026-05-03,-32,18,2026-05-03,258.72222222222223
1044,2026-02-03,Organic,Invest,IL,18-24,0,Active,14,674.9,0.0,3.62,674.9,2026-02-07,2026-05-02,-31,31,2026-04-27,249.25806451612902
1086,2025-09-25,Organic,Invest,IL,25-34,0,Active,14,627.15,148.41,3.46,478.73999999999995,2025-10-13,2026-04-02,-1,24,2026-04-09,320.75
1132,2025-12-16,Organic,Both,NY,25-34,0,Active,15,984.75,146.25,2.9,838.5,2025-12-16,2026-03-27,5,26,2026-05-02,331.84615384615387
1156,2025-10-03,Referral,Invest,AZ,18-24,0,Active,17,1325.5300000000002,317.1,2.31,1008.43,2025-10-05,2026-04-12,-11,15,2026-05-01,330.53333333333336
1167,2025-07-21,Email,Invest,FL,25-34,0,Active,15,1292.74,0.0,1.14,1292.74,2025-07-21,2026-04-20,-19,26,2026-04-21,238.30769230769232
1180,2025-05-24,Organic,Banking,CA,35-44,1,Silent,10,506.86,0.0,1.8200000000000003,506.86,2025-05-30,2025-10-18,165,23,2025-10-26,262.04347826086956
1222,2026-01-26,App Store,Invest,FL,18-24,0,Active,11,367.34,0.0,2.97,367.34,2026-01-28,2026-04-25,-24,16,2026-04-23,258.25
1239,2025-11-26,Organic,Invest,IL,25-34,0,Active,23,1886.98,70.63,4.32,1816.35,2025-11-26,2026-04-29,-28,19,2026-04-28,291.0
1240,2025-10-05,Paid Social,Banking,IL,25-34,0,Active,19,1100.0899999999997,321.71000000000004,4.32,778.3799999999999,2025-10-28,2026-04-18,-17,24,2026-03-23,313.7083333333333
1245,2026-01-21,Organic,Invest,TX,25-34,0,Active,18,520.1,657.4899999999999,2.57,-137.39,2026-01-22,2026-02-26,34,22,2026-02-26,271.8636363636364
1257,2025-12-03,Organic,Both,IL,35-44,0,Active,23,1714.1000000000001,290.48,4.130000000000001,1423.6200000000001,2025-12-04,2026-05-02,-31,35,2026-04-24,327.57142857142856
1272,2026-04-24,App Store,Both,NY,25-34,0,Active,22,633.7699999999998,672.57,4.57,-38.80000000000012,2026-04-24,2026-05-04,-33,25,2026-05-04,332.36
1282,2026-03-05,Organic,Invest,FL,25-34,0,Active,16,385.24,478.56000000000006,4.06,-93.32,2026-03-07,2026-05-02,-31,27,2026-04-30,279.25925925925924
1293,2025-10-05,Email,Banking,FL,35-44,0,Active,22,1194.66,0.0,7.140000000000001,1194.66,2025-10-06,2026-04-18,-17,19,2026-04-01,331.94736842105266
1300,2026-04-18,Email,Invest,NY,18-24,0,Active,13,807.39,302.01,2.55,505.38,2026-04-18,2026-05-04,-33,27,2026-05-04,291.3333333333333
1307,2025-10-13,App Store,Banking,OH,25-34,0,Active,13,983.2199999999998,0.0,3.44,983.2199999999998,2025-10-20,2026-04-11,-10,28,2026-05-04,309.7857142857143
1349,2026-03-31,Paid Social,Invest,IL,35-44,0,Active,12,682.74,501.19,2.5700000000000003,181.55000000000004,2026-03-31,2026-05-02,-31,34,2026-05-04,305.94117647058823
1362,2025-05-12,Organic,Banking,CA,18-24,0,Active,9,474.40000000000003,20.63,2.16,453.77000000000004,2025-05-22,2026-05-03,-32,19,2026-04-05,242.1578947368421
1369,2025-05-10,Referral,Both,OH,25-34,1,Silent,16,746.41,551.47,4.46,194.94000000000003,2025-05-20,2025-11-29,123,25,2025-12-10,265.88
1375,2026-04-01,Paid Social,Invest,GA,25-34,0,Active,15,664.66,61.599999999999994,3.71,603.06,2026-04-03,2026-04-30,-29,27,2026-05-04,328.9259259259259
1395,2026-04-07,App Store,Invest,NY,25-34,0,Active,21,1457.9899999999998,5.68,5.31,1452.3099999999997,2026-04-07,2026-05-03,-32,34,2026-05-04,297.1470588235294
1466,2025-09-02,Organic,Invest,TX,25-34,0,Active,17,943.0500000000001,176.55,6.53,766.5000000000001,2025-09-08,2026-04-12,-11,23,2026-04-29,315.4347826086956
1476,2026-02-07,Email,Both,CA,35-44,0,Active,19,1186.8700000000001,226.34,5.14,960.5299999999997,2026-02-09,2026-04-26,-25,23,2026-04-25,277.82608695652175
1483,2026-02-11,Email,Both,WA,25-34,0,Active,13,822.2699999999999,369.49,0.39,452.78000000000003,2026-02-14,2026-05-02,-31,21,2026-05-04,273.04761904761904
1004,2026-01-18,Referral,Banking,AZ,25-34,0,Active,19,1152.14,168.77,4.08,983.3699999999999,2026-01-18,2026-05-04,-33,18,2026-04-27,333.72222222222223
1031,2026-04-05,Paid Social,Invest,TX,45-54,0,Active,29,1881.7600000000004,357.92999999999995,5.5,1523.8300000000004,2026-04-05,2026-05-04,-33,16,2026-05-03,373.4375
1041,2025-10-09,Organic,Invest,AZ,18-24,0,Active,19,891.19,259.39,3.4600000000000004,631.8,2025-10-13,2026-03-08,24,19,2026-03-07,244.21052631578948
1102,2025-11-16,Organic,Banking,FL,55+,0,Active,10,1144.8799999999999,85.69,1.4700000000000002,1059.1899999999998,2025-12-04,2026-04-30,-29,24,2026-05-03,285.4583333333333
1120,2025-09-23,Organic,Banking,OH,18-24,0,Active,16,1385.08,0.0,3.5800000000000005,1385.08,2025-10-20,2026-04-28,-27,23,2026-04-15,378.30434782608694
1171,2025-11-19,Organic,Invest,CA,35-44,0,Active,17,883.7000000000002,0.0,4.46,883.7000000000002,2025-12-10,2026-05-04,-33,20,2026-04-25,345.65
1182,2026-04-14,Organic,Invest,FL,25-34,0,Active,13,927.3900000000001,411.17999999999995,1.74,516.21,2026-04-14,2026-05-04,-33,20,2026-05-04,302.6
1183,2026-02-25,Paid Social,Banking,IL,25-34,0,Active,15,1439.26,0.0,4.4799999999999995,1439.26,2026-02-27,2026-05-03,-32,35,2026-05-01,301.2
1201,2026-01-30,Referral,Both,CO,35-44,0,Active,19,1717.57,0.0,5.23,1717.57,2026-02-03,2026-05-02,-31,21,2026-05-02,289.3809523809524
1235,2025-06-15,Organic,Invest,WA,25-34,1,Silent,7,436.80999999999995,0.0,1.01,436.80999999999995,2025-07-19,2026-01-11,80,25,2026-01-13,285.76
1236,2026-01-04,Paid Social,Both,WA,18-24,0,Active,15,1392.98,573.24,1.51,819.74,2026-01-06,2026-05-03,-32,23,2026-04-30,309.9130434782609
1243,2026-02-08,Referral,Banking,NY,25-34,0,Active,6,754.1700000000001,0.0,0.28,754.1700000000001,2026-02-09,2026-04-27,-26,28,2026-05-03,291.39285714285717
1253,2026-03-10,Organic,Both,GA,35-44,0,Active,13,910.97,62.47,4.35,848.5,2026-03-11,2026-05-01,-30,22,2026-05-04,294.72727272727275
1254,2025-06-19,Organic,Invest,AZ,18-24,0,Active,19,1055.32,376.07,5.1499999999999995,679.25,2025-06-23,2026-04-18,-17,20,2026-04-09,271.8
1275,2025-11-07,Organic,Invest,CO,18-24,0,Active,24,1125.7099999999998,151.67,7.699999999999999,974.0400000000001,2025-11-12,2026-04-23,-22,28,2026-05-01,292.4642857142857
1297,2025-05-08,Organic,Both,GA,25-34,0,Active,13,1027.91,207.42,2.66,820.4900000000001,2025-05-24,2026-03-15,17,20,2026-04-30,266.9
1303,2026-04-15,Paid Social,Banking,NY,25-34,0,Active,10,284.09999999999997,206.89,2.07,77.21000000000001,2026-04-16,2026-05-03,-32,22,2026-05-03,272.77272727272725
1354,2026-04-03,Paid Social,Banking,NY,45-54,0,Active,17,1213.5700000000002,249.45,3.86,964.12,2026-04-05,2026-05-04,-33,22,2026-05-03,289.5
1366,2026-03-01,Paid Social,Banking,OH,25-34,0,Active,20,1257.6200000000006,293.89,2.6799999999999997,963.7299999999997,2026-03-03,2026-05-04,-33,25,2026-05-02,296.08
1372,2025-06-29,Paid Social,Invest,CO,18-24,1,Silent,20,819.8199999999999,443.85,4.01,375.96999999999997,2025-07-06,2025-08-08,236,25,2025-08-09,293.4
1374,2026-03-03,Paid Social,Both,OH,45-54,0,Active,23,878.99,602.95,7.01,276.03999999999996,2026-03-04,2026-05-02,-31,25,2026-04-27,308.6
1390,2025-08-01,Referral,Invest,GA,45-54,0,Active,23,1450.74,281.68,6.92,1169.06,2025-08-05,2026-05-02,-31,27,2026-05-02,295.85185185185185
1398,2026-04-04,Referral,Banking,WA,25-34,0,Active,17,1339.2600000000002,128.09,1.2300000000000002,1211.17,2026-04-05,2026-05-04,-33,17,2026-05-04,307.52941176470586
1405,2025-06-08,Paid Social,Banking,AZ,25-34,0,Active,22,1272.4600000000003,316.06,6.56,956.4000000000003,2025-06-20,2026-04-14,-13,19,2026-04-12,333.7894736842105
1433,2026-04-09,App Store,Invest,CO,18-24,0,Active,17,1006.33,145.08,4.43,861.25,2026-04-09,2026-05-03,-32,33,2026-05-04,323.8787878787879
1447,2025-10-11,Paid Social,Banking,OH,18-24,0,Active,19,1723.28,133.95,3.7600000000000007,1589.3300000000002,2025-10-12,2026-05-04,-33,21,2026-04-22,374.3809523809524
1462,2025-05-12,Paid Social,Banking,NY,55+,0,Active,18,762.9099999999999,153.36,3.76,609.55,2025-05-26,2026-04-12,-11,30,2026-05-02,303.9
1490,2026-02-27,Paid Social,Banking,WA,35-44,0,Active,15,762.2099999999999,247.92000000000002,2.9299999999999997,514.29,2026-02-28,2026-04-23,-22,33,2026-05-03,312.42424242424244
1017,2025-11-26,App Store,Banking,FL,35-44,0,Active,8,542.19,118.71,0.78,423.48,2026-01-08,2026-05-03,-32,25,2026-04-20,321.84
1024,2026-01-19,Email,Invest,OH,18-24,0,Active,22,930.16,905.48,5.71,24.68000000000002,2026-01-24,2026-04-29,-28,29,2026-05-04,310.48275862068965
1034,2026-03-31,Paid Social,Banking,TX,45-54,0,Active,18,835.4699999999998,139.83999999999997,3.8200000000000003,695.63,2026-03-31,2026-05-04,-33,15,2026-05-03,347.6
1072,2025-12-22,App Store,Banking,WA,55+,0,Active,21,1209.5100000000002,254.07,5.33,955.4399999999999,2025-12-23,2026-05-04,-33,22,2026-05-01,274.8636363636364
1085,2025-09-25,Organic,Invest,TX,25-34,0,Active,17,914.41,231.22,3.61,683.19,2025-09-29,2026-04-08,-7,25,2026-05-04,325.68
1094,2026-04-14,Email,Banking,CA,18-24,0,Active,16,1119.19,0.0,3.0700000000000003,1119.19,2026-04-14,2026-05-04,-33,25,2026-05-02,324.4
1114,2026-03-01,Organic,Banking,OH,18-24,0,Active,18,704.3,418.84000000000003,2.17,285.46000000000004,2026-03-14,2026-05-03,-32,19,2026-05-03,315.57894736842104
1141,2026-01-29,Email,Banking,IL,25-34,0,Active,13,985.02,34.08,2.21,950.9399999999999,2026-02-01,2026-05-02,-31,28,2026-05-02,352.2857142857143
1163,2026-04-12,Organic,Both,NY,35-44,0,Active,13,727.93,179.89,1.65,548.04,2026-04-13,2026-05-04,-33,19,2026-05-02,338.8421052631579
1174,2025-12-28,Paid Social,Both,TX,45-54,0,Active,15,1046.86,156.36,3.43,890.5,2025-12-28,2026-04-30,-29,28,2026-04-28,333.57142857142856
1185,2026-04-23,Organic,Both,IL,35-44,0,Active,12,856.05,0.0,1.9900000000000002,856.05,2026-04-24,2026-05-04,-33,36,2026-05-04,333.25
1204,2026-02-13,Email,Both,TX,25-34,0,Active,15,747.89,65.97,2.38,681.92,2026-02-14,2026-04-26,-25,18,2026-04-21,339.0
1210,2025-08-19,Organic,Banking,CO,18-24,0,Active,15,519.39,439.74,2.64,79.65000000000003,2025-08-22,2026-02-22,38,25,2026-02-15,310.6
1219,2025-10-16,Organic,Invest,AZ,18-24,0,Active,16,677.01,600.37,2.9499999999999997,76.64000000000001,2025-10-22,2026-04-30,-29,31,2026-05-02,324.0967741935484
1227,2025-12-22,Referral,Banking,FL,25-34,0,Active,15,465.88,326.53,3.46,139.35000000000002,2026-01-18,2026-05-02,-31,33,2026-05-03,315.3636363636364
1246,2026-04-07,Email,Banking,OH,35-44,0,Active,14,662.53,264.12,2.34,398.40999999999997,2026-04-08,2026-05-02,-31,25,2026-05-04,257.84
1247,2025-05-19,Organic,Banking,CO,25-34,0,Active,26,1975.7899999999995,123.21,7.63,1852.5799999999995,2025-05-25,2026-04-20,-19,29,2026-05-03,337.44827586206895
1249,2025-07-19,Paid Social,Banking,NY,25-34,0,Active,22,1401.95,167.24,5.59,1234.71,2025-07-28,2026-05-03,-32,15,2026-03-28,349.4
1261,2026-03-05,Email,Invest,FL,25-34,0,Active,21,1760.8400000000001,160.58,2.65,1600.2600000000002,2026-03-08,2026-05-02,-31,20,2026-04-30,265.55
1319,2025-05-17,Paid Social,Banking,AZ,25-34,1,Silent,21,1323.74,69.04,4.45,1254.7,2025-05-22,2025-11-14,138,31,2025-11-12,264.06451612903226
1351,2026-01-04,Referral,Both,NY,35-44,0,Active,19,769.86,265.68,5.089999999999999,504.18000000000006,2026-01-23,2026-05-01,-30,22,2026-04-24,305.3181818181818
1365,2025-06-15,Organic,Both,CA,55+,0,Active,14,683.42,128.73,3.6799999999999997,554.69,2025-06-27,2026-03-04,28,29,2026-04-25,313.44827586206895
1386,2025-06-01,Paid Social,Both,AZ,35-44,0,Active,13,649.2199999999999,59.4,3.39,589.8199999999999,2025-06-06,2026-04-15,-14,23,2026-04-22,349.3478260869565
1409,2025-10-17,Referral,Both,GA,25-34,0,Active,17,1182.75,0.0,3.6000000000000005,1182.75,2025-10-26,2026-04-22,-21,17,2026-04-05,270.05882352941177
1426,2025-06-14,Organic,Both,NY,25-34,0,Active,13,720.26,123.22,2.8899999999999997,597.04,2025-06-30,2026-04-10,-9,29,2026-05-03,260.3103448275862
1428,2026-02-26,Organic,Banking,IL,35-44,0,Active,20,761.9300000000001,556.05,3.52,205.88,2026-02-26,2026-04-30,-29,31,2026-04-30,299.5483870967742
1430,2026-03-23,Organic,Invest,OH,35-44,0,Active,11,824.36,215.35999999999999,1.6800000000000002,609.0,2026-04-05,2026-05-04,-33,18,2026-05-04,309.3333333333333
1438,2026-03-22,Paid Social,Both,NY,35-44,0,Active,21,1537.5900000000001,225.12,1.7000000000000002,1312.47,2026-03-23,2026-05-02,-31,31,2026-05-04,282.741935483871
1442,2025-07-21,App Store,Banking,AZ,35-44,0,Active,15,890.6300000000001,51.94,2.36,838.69,2025-07-24,2026-05-03,-32,28,2026-05-04,292.10714285714283
1475,2026-01-14,App Store,Both,CA,25-34,0,Active,17,1319.1400000000003,240.94,3.3000000000000003,1078.2000000000003,2026-01-15,2026-04-24,-23,26,2026-04-30,331.38461538461536
1479,2026-04-14,Paid Social,Banking,NY,18-24,0,Active,22,1163.8300000000002,367.80999999999995,6.41,796.0200000000003,2026-04-15,2026-05-02,-31,31,2026-05-04,315.06451612903226
1491,2026-03-29,Paid Social,Invest,WA,45-54,0,Active,12,659.6099999999998,217.5,3.0599999999999996,442.1099999999999,2026-04-02,2026-04-26,-25,15,2026-04-26,302.6666666666667
1500,2025-11-28,Organic,Invest,TX,18-24,0,Active,25,2278.5899999999997,213.79999999999998,5.03,2064.7899999999995,2025-12-08,2026-04-26,-25,21,2026-04-26,322.8095238095238
1007,2025-08-02,Email,Banking,IL,18-24,1,Silent,22,1183.19,292.64,3.3299999999999996,890.5500000000002,2025-08-07,2025-10-30,153,31,2025-10-31,330.7096774193548
1009,2025-12-31,App Store,Both,OH,25-34,0,Active,11,635.1099999999999,117.65,1.48,517.4599999999999,2026-01-11,2026-04-29,-28,21,2026-04-25,330.57142857142856
1013,2025-08-12,Paid Social,Both,WA,45-54,0,Active,12,444.28999999999996,390.15,1.31,54.13999999999997,2025-08-25,2026-04-10,-9,23,2026-04-17,389.04347826086956
1021,2025-06-17,Paid Social,Both,AZ,25-34,0,Active,11,855.5400000000001,179.02,2.62,676.5200000000001,2025-07-07,2026-03-24,8,28,2026-05-01,283.17857142857144
1027,2025-07-22,Paid Social,Invest,OH,45-54,1,Silent,19,1150.96,0.0,5.9,1150.96,2025-07-30,2026-01-10,81,30,2026-02-17,317.46666666666664
1035,2025-10-08,Paid Social,Banking,CO,18-24,0,Active,14,521.4300000000002,268.05,2.16,253.38000000000005,2025-11-04,2026-05-04,-33,23,2026-05-01,315.4782608695652
1059,2026-02-06,Email,Banking,NY,35-44,0,Active,21,1226.9099999999999,276.37,2.4000000000000004,950.5400000000001,2026-02-10,2026-04-19,-18,13,2026-04-15,226.76923076923077
1075,2025-08-10,Paid Social,Invest,IL,45-54,0,Active,10,775.47,0.0,1.5699999999999998,775.47,2025-08-21,2026-05-02,-31,17,2026-04-18,316.4117647058824
1110,2026-04-20,Organic,Invest,IL,55+,0,Active,9,695.27,241.52,0.07,453.75,2026-04-20,2026-05-03,-32,19,2026-05-04,331.36842105263156
1124,2026-01-25,Organic,Invest,CA,45-54,0,Active,23,1610.85,278.73,3.48,1332.12,2026-02-01,2026-04-20,-19,22,2026-05-04,349.09090909090907
1238,2025-12-31,Organic,Banking,GA,25-34,0,Active,15,1138.2,144.69,1.57,993.5100000000001,2026-01-07,2026-02-15,45,19,2026-02-15,375.42105263157896
1283,2026-02-13,Organic,Banking,IL,35-44,0,Active,13,742.86,527.09,1.26,215.76999999999995,2026-02-16,2026-04-25,-24,15,2026-05-03,334.06666666666666
1301,2025-10-04,Paid Social,Both,CO,18-24,1,Silent,20,704.2,117.3,4.1499999999999995,586.8999999999999,2025-10-04,2025-12-19,103,30,2025-12-25,267.06666666666666
1343,2025-12-01,Organic,Both,FL,55+,0,Active,19,843.8800000000001,386.46000000000004,5.2299999999999995,457.42000000000013,2025-12-05,2026-05-02,-31,29,2026-04-28,297.7241379310345
1348,2026-01-16,Referral,Invest,FL,25-34,0,Active,16,971.66,158.24,3.94,813.42,2026-01-23,2026-03-16,16,23,2026-03-27,268.3478260869565
1352,2025-09-11,Paid Social,Both,GA,25-34,0,Active,16,1082.8700000000001,34.1,3.9700000000000006,1048.77,2025-10-26,2026-04-16,-15,17,2026-04-18,260.6470588235294
1377,2025-12-18,Organic,Both,WA,35-44,0,Active,19,1069.8,341.09,3.9099999999999997,728.71,2025-12-27,2026-04-30,-29,26,2026-05-02,291.84615384615387
1391,2026-02-08,Email,Both,GA,18-24,0,Active,11,839.3100000000001,251.87,1.73,587.44,2026-02-16,2026-05-02,-31,19,2026-05-01,278.36842105263156
1397,2026-03-05,Paid Social,Banking,FL,25-34,0,Active,12,1107.5699999999997,0.0,2.17,1107.5699999999997,2026-03-12,2026-05-02,-31,29,2026-05-04,323.3103448275862
1420,2025-10-25,Paid Social,Banking,CO,25-34,0,Active,16,872.8100000000002,602.3399999999999,2.4699999999999998,270.47,2025-11-13,2026-05-02,-31,19,2026-04-27,324.2631578947368
1427,2025-12-05,Paid Social,Both,OH,55+,0,Active,19,884.7099999999999,90.26,4.39,794.4499999999998,2025-12-05,2026-05-02,-31,25,2026-04-25,243.88
1435,2026-02-06,Paid Social,Invest,IL,35-44,0,Active,10,213.74999999999997,162.11,2.69,51.639999999999986,2026-02-10,2026-04-30,-29,30,2026-05-03,334.06666666666666
1446,2025-12-24,Referral,Banking,NY,55+,0,Active,18,1153.99,370.63,3.41,783.36,2026-02-08,2026-04-28,-27,21,2026-04-27,290.85714285714283
1456,2025-12-01,Email,Banking,FL,55+,0,Active,11,690.05,77.01,2.26,613.0400000000001,2025-12-30,2026-04-26,-25,29,2026-05-03,307.44827586206895
1473,2026-02-26,Organic,Banking,OH,25-34,0,Active,10,575.33,228.2,2.0500000000000003,347.1299999999999,2026-02-28,2026-05-02,-31,24,2026-05-03,302.7916666666667
1488,2025-07-07,App Store,Banking,GA,25-34,0,Active,14,773.1399999999998,65.3,4.21,707.8399999999998,2025-09-11,2026-04-13,-12,27,2026-04-18,336.25925925925924
1492,2026-01-23,App Store,Invest,TX,55+,0,Active,21,1148.98,147.74,2.38,1001.2399999999999,2026-01-27,2026-05-04,-33,26,2026-04-29,370.61538461538464
1001,2026-04-01,Organic,Both,AZ,25-34,0,Active,20,1175.56,108.68,4.37,1066.8799999999999,2026-04-01,2026-05-04,-33,25,2026-05-04,299.2
1012,2025-09-07,Organic,Banking,FL,35-44,0,Active,21,883.15,358.06,8.559999999999999,525.09,2025-09-16,2026-04-27,-26,22,2026-04-29,329.59090909090907
1032,2025-10-16,Organic,Invest,IL,18-24,0,Active,9,197.41,0.0,4.680000000000001,197.41,2025-11-06,2026-03-26,6,21,2026-04-29,294.0
1061,2025-06-17,App Store,Invest,CA,45-54,0,Active,18,1719.89,206.23,3.0900000000000007,1513.66,2025-07-28,2026-05-01,-30,17,2026-04-26,340.05882352941177
1064,2025-08-14,Email,Banking,NY,18-24,0,Active,14,908.16,28.77,3.2600000000000002,879.39,2025-08-23,2026-04-10,-9,19,2026-04-02,276.05263157894734
1065,2026-02-11,Referral,Banking,GA,18-24,0,Active,16,1276.7200000000003,205.92,2.4599999999999995,1070.8000000000002,2026-02-13,2026-04-19,-18,17,2026-04-25,339.05882352941177
1071,2025-07-04,App Store,Invest,GA,35-44,0,Active,17,777.0999999999999,206.55,4.56,570.5500000000001,2025-07-19,2026-04-24,-23,24,2026-05-01,325.625
1098,2026-04-05,Paid Social,Banking,WA,35-44,0,Active,12,760.45,314.53,1.79,445.91999999999996,2026-04-09,2026-05-04,-33,25,2026-05-04,277.44
1122,2026-04-09,Organic,Banking,GA,35-44,0,Active,19,947.95,400.77,3.3800000000000003,547.1800000000002,2026-04-09,2026-05-03,-32,22,2026-05-04,303.59090909090907
1133,2026-01-06,Paid Social,Invest,IL,25-34,0,Active,17,1477.44,496.68,1.8199999999999998,980.7600000000001,2026-01-14,2026-05-02,-31,23,2026-04-24,279.4347826086956
1143,2025-07-25,Organic,Banking,AZ,35-44,0,Active,18,943.97,174.33999999999997,5.11,769.63,2025-08-15,2026-05-03,-32,23,2026-04-29,317.95652173913044
1175,2026-03-06,App Store,Invest,WA,25-34,0,Active,22,1572.0500000000002,160.35,3.79,1411.7000000000003,2026-03-07,2026-05-02,-31,30,2026-04-30,311.23333333333335
1188,2025-10-26,Paid Social,Both,TX,25-34,0,Active,18,1228.3200000000002,137.85,3.15,1090.4700000000003,2025-11-04,2026-04-06,-5,18,2026-04-29,244.27777777777777
1209,2026-02-28,App Store,Invest,CA,35-44,0,Active,22,1366.69,215.6,7.01,1151.0900000000001,2026-02-28,2026-03-17,15,23,2026-03-15,250.6086956521739
1223,2025-11-05,Paid Social,Both,GA,25-34,0,Active,16,1509.4300000000003,248.06,1.8299999999999998,1261.3700000000001,2025-11-13,2026-03-09,23,13,2026-03-08,317.7692307692308
1224,2025-07-18,Email,Both,GA,25-34,0,Active,12,979.6099999999999,0.0,2.8899999999999997,979.6099999999999,2025-07-19,2026-04-12,-11,26,2026-05-04,319.65384615384613
1233,2025-05-12,Referral,Invest,AZ,45-54,0,Active,16,1056.23,16.97,2.79,1039.26,2025-07-17,2026-04-23,-22,31,2026-04-13,303.7741935483871
1237,2025-05-20,Email,Both,TX,25-34,0,Active,15,534.4699999999999,0.0,3.7899999999999996,534.4699999999999,2025-06-16,2026-02-26,34,33,2026-02-28,332.2121212121212
1250,2026-05-03,Paid Social,Banking,TX,35-44,0,Active,15,541.87,447.40999999999997,2.24,94.45999999999997,2026-05-03,2026-05-04,-33,27,2026-05-04,274.48148148148147
1259,2025-07-27,Paid Social,Both,GA,25-34,0,Active,14,729.8799999999999,274.86,3.36,455.0200000000001,2025-08-29,2026-04-05,-4,25,2026-04-24,275.24
1267,2025-07-25,App Store,Invest,OH,18-24,0,Active,22,1803.5999999999997,136.7,3.2199999999999998,1666.8999999999996,2025-07-26,2026-04-18,-17,32,2026-04-27,305.96875
1276,2025-05-13,Paid Social,Banking,GA,25-34,0,Active,16,754.93,218.04,4.65,536.8900000000001,2025-06-08,2026-03-07,25,25,2026-04-24,332.44
1309,2025-10-21,Organic,Both,CO,35-44,0,Active,23,1960.99,182.66,4.86,1778.3300000000002,2025-10-22,2026-04-23,-22,24,2026-05-04,287.2083333333333
1313,2026-04-24,Organic,Banking,GA,18-24,0,Active,23,1172.8899999999999,61.94,4.239999999999999,1110.95,2026-04-24,2026-05-04,-33,17,2026-05-04,291.6470588235294
1331,2025-07-03,Email,Invest,AZ,25-34,0,Active,14,704.4100000000001,378.77,3.9699999999999998,325.64000000000004,2025-07-20,2026-04-26,-25,18,2026-05-04,309.3333333333333
1344,2025-05-05,Paid Social,Both,NY,35-44,0,Active,23,2103.5199999999995,0.0,4.499999999999999,2103.5199999999995,2025-05-05,2026-04-27,-26,16,2026-05-02,316.0625
1345,2026-03-31,Organic,Banking,GA,25-34,0,Active,19,874.2499999999999,154.49,4.54,719.7599999999999,2026-03-31,2026-05-03,-32,25,2026-04-30,333.44
1396,2025-12-04,Organic,Banking,CA,45-54,0,Active,12,409.14,241.21,3.3899999999999997,167.93000000000004,2025-12-11,2026-04-27,-26,23,2026-05-03,272.5652173913044
1402,2025-10-27,Organic,Invest,WA,18-24,0,Active,14,711.76,109.23,4.46,602.53,2025-11-22,2026-05-03,-32,24,2026-05-03,336.0416666666667
1404,2025-07-11,Organic,Banking,NY,35-44,0,Active,15,560.31,260.96999999999997,2.43,299.34000000000003,2025-07-14,2026-04-23,-22,23,2026-04-23,334.8695652173913
1411,2025-09-28,Organic,Invest,IL,25-34,0,Active,13,907.3299999999999,416.16999999999996,2.88,491.16,2025-10-01,2026-03-31,1,22,2026-04-21,337.8636363636364
1452,2025-08-16,Organic,Banking,CO,35-44,0,Active,9,515.87,39.55,1.67,476.32,2025-10-08,2026-04-06,-5,22,2026-04-17,348.59090909090907
1482,2025-11-19,Referral,Invest,TX,45-54,0,Active,16,1821.34,0.0,3.6900000000000004,1821.34,2025-12-20,2026-04-27,-26,26,2026-04-30,292.3076923076923
1485,2026-02-23,App Store,Banking,NY,25-34,0,Active,16,1209.3400000000001,0.0,2.06,1209.3400000000001,2026-02-27,2026-04-30,-29,32,2026-05-04,273.625
1494,2026-01-03,Email,Both,CA,25-34,0,Active,20,1255.72,233.49,5.33,1022.23,2026-01-08,2026-05-04,-33,24,2026-05-03,383.5416666666667
1025,2026-03-08,Referral,Banking,NY,18-24,0,Active,21,1000.0799999999998,502.7,4.27,497.3799999999999,2026-03-16,2026-05-04,-33,26,2026-05-03,328.7692307692308
1037,2026-03-12,Email,Banking,NY,45-54,0,Active,20,885.7600000000001,0.0,8.74,885.7600000000001,2026-03-22,2026-05-02,-31,23,2026-05-01,315.2173913043478
1038,2025-12-20,Organic,Invest,OH,18-24,0,Active,20,1036.8200000000002,211.9,5.06,824.9200000000001,2025-12-27,2026-04-22,-21,27,2026-04-26,341.0740740740741
1070,2026-02-23,Paid Social,Invest,NY,18-24,0,Active,25,1442.5499999999997,38.81,5.359999999999999,1403.7399999999998,2026-03-01,2026-05-02,-31,28,2026-05-01,352.57142857142856
1100,2025-10-16,Email,Both,TX,25-34,0,Active,18,1117.34,0.0,4.22,1117.34,2025-10-18,2026-03-02,30,25,2026-02-27,303.2
1105,2025-05-10,Email,Invest,GA,18-24,0,Active,13,1328.87,0.0,1.37,1328.87,2025-08-24,2026-04-21,-20,30,2026-04-28,337.46666666666664
1155,2026-01-31,Paid Social,Both,IL,55+,0,Active,19,607.31,222.46,3.13,384.8499999999999,2026-02-09,2026-04-30,-29,23,2026-04-28,365.5652173913044
1181,2025-12-16,App Store,Banking,AZ,25-34,0,Active,11,868.5700000000002,0.0,2.2800000000000002,868.5700000000002,2025-12-22,2026-03-31,1,21,2026-04-17,206.38095238095238
1217,2025-08-28,Paid Social,Banking,AZ,25-34,0,Active,14,907.37,168.79,2.51,738.58,2025-08-28,2026-04-29,-28,31,2026-05-01,287.1290322580645
1218,2026-02-10,Organic,Banking,CA,18-24,0,Active,18,1513.8999999999999,85.05,1.9000000000000001,1428.85,2026-02-11,2026-05-02,-31,26,2026-05-03,366.46153846153845
1255,2025-10-26,Organic,Invest,OH,25-34,0,Active,11,577.89,65.45,2.92,512.44,2025-11-14,2026-04-25,-24,35,2026-05-04,328.7142857142857
1295,2026-01-06,App Store,Invest,TX,18-24,0,Active,20,692.4599999999998,223.82,4.56,468.6399999999999,2026-01-26,2026-05-02,-31,24,2026-04-23,304.0416666666667
1317,2025-10-23,Paid Social,Banking,FL,25-34,0,Active,14,321.59999999999997,414.93,3.94,-93.33000000000003,2025-10-24,2026-04-15,-14,17,2026-05-04,330.70588235294116
1332,2025-12-15,Referral,Banking,FL,25-34,0,Active,11,342.68,99.71,1.4900000000000002,242.97000000000003,2025-12-22,2026-04-18,-17,16,2026-04-26,343.6875
1359,2025-12-08,Paid Social,Both,TX,55+,0,Active,20,1468.95,25.9,4.99,1443.05,2025-12-12,2026-05-02,-31,27,2026-04-25,374.48148148148147
1368,2026-04-10,Referral,Invest,GA,45-54,0,Active,18,1124.37,194.13,5.18,930.2400000000001,2026-04-10,2026-05-04,-33,18,2026-05-04,288.0
1383,2025-08-23,Organic,Both,GA,25-34,0,Active,21,1194.2600000000002,57.31,5.63,1136.95,2025-09-06,2026-04-22,-21,24,2026-04-24,327.375
1401,2025-08-31,Paid Social,Invest,GA,35-44,1,Silent,12,779.33,392.99,2.94,386.34000000000003,2025-08-31,2026-01-02,89,23,2026-01-14,226.7391304347826
1414,2025-05-19,Referral,Invest,IL,35-44,0,Active,20,348.9200000000001,1098.66,4.380000000000001,-749.7400000000001,2025-05-28,2026-04-06,-5,18,2026-04-09,257.3888888888889
1415,2025-07-17,Referral,Banking,CO,35-44,0,Active,16,1109.99,222.42,3.0999999999999996,887.5699999999999,2025-07-27,2026-04-27,-26,26,2026-04-21,296.0
1454,2025-08-02,App Store,Both,AZ,25-34,0,Active,15,447.30999999999995,357.61,5.629999999999999,89.70000000000005,2025-08-08,2026-05-03,-32,17,2026-04-06,331.52941176470586
1460,2026-03-04,Referral,Invest,AZ,35-44,0,Active,16,984.37,13.55,3.4400000000000004,970.82,2026-03-06,2026-05-01,-30,22,2026-05-03,294.0
1499,2025-07-05,Referral,Banking,WA,25-34,0,Active,19,976.16,760.1600000000001,3.15,215.99999999999997,2025-07-11,2026-03-27,5,24,2026-04-21,367.4583333333333
1008,2026-04-18,Organic,Banking,CO,45-54,0,Active,17,1422.7399999999998,86.77,4.24,1335.9699999999998,2026-04-18,2026-05-04,-33,25,2026-05-04,385.76
1014,2025-08-10,Referral,Invest,IL,35-44,0,Active,18,715.99,284.74,2.9600000000000004,431.24999999999994,2025-08-21,2026-03-24,8,27,2026-03-24,298.2962962962963
1026,2025-10-10,Paid Social,Both,IL,18-24,0,Active,20,1028.75,291.44,6.48,737.3100000000001,2025-10-13,2026-04-24,-23,21,2026-04-19,259.8095238095238
1049,2025-09-17,Paid Social,Banking,NY,18-24,0,Active,20,1585.1200000000001,303.32,3.37,1281.8,2025-09-25,2026-04-14,-13,16,2026-04-15,352.5625
1066,2025-05-24,Organic,Both,NY,35-44,0,Active,16,600.3899999999999,0.0,3.69,600.3899999999999,2025-08-08,2026-04-22,-21,22,2026-04-23,362.3181818181818
1068,2025-08-15,Email,Both,NY,35-44,0,Active,17,982.8599999999999,167.68,3.7199999999999998,815.1800000000002,2025-08-21,2026-05-02,-31,28,2026-05-04,292.35714285714283
1096,2025-09-09,Paid Social,Both,NY,25-34,0,Active,19,1502.97,213.31,2.59,1289.66,2025-09-17,2026-05-02,-31,36,2026-04-21,313.25
1103,2026-01-18,Paid Social,Invest,TX,25-34,0,Active,17,1382.3999999999999,99.66,3.33,1282.74,2026-02-13,2026-05-04,-33,21,2026-05-04,328.0952380952381
1123,2025-11-04,Referral,Invest,WA,25-34,0,Active,15,1075.9,236.15,3.05,839.75,2025-11-28,2026-04-25,-24,19,2026-04-14,348.7894736842105
1128,2025-08-05,Organic,Banking,NY,25-34,0,Active,12,698.4000000000001,207.76999999999998,2.94,490.63000000000005,2025-09-05,2026-04-21,-20,22,2026-04-30,306.8636363636364
1144,2025-12-02,Paid Social,Both,TX,45-54,0,Active,13,687.2199999999999,0.0,2.71,687.2199999999999,2025-12-20,2026-05-04,-33,23,2026-05-04,303.95652173913044
1149,2026-02-22,App Store,Invest,GA,35-44,0,Active,13,764.4699999999999,263.09000000000003,2.41,501.38,2026-02-23,2026-04-09,-8,37,2026-05-04,297.7567567567568
1165,2025-07-27,Paid Social,Banking,FL,35-44,1,Silent,19,874.6100000000002,205.37,6.739999999999999,669.2400000000002,2025-07-31,2025-11-22,130,21,2025-11-23,254.57142857142858
1195,2025-06-04,Organic,Invest,WA,35-44,0,Active,15,1438.9800000000002,31.98,2.39,1407.0000000000002,2025-06-27,2026-04-25,-24,32,2026-04-26,305.9375
1221,2025-07-15,Organic,Invest,CO,25-34,0,Active,11,991.61,274.95,1.96,716.66,2025-08-26,2026-05-01,-30,32,2026-04-18,325.1875
1291,2026-04-10,Paid Social,Banking,TX,25-34,0,Active,19,1198.8300000000002,288.14,3.21,910.69,2026-04-10,2026-05-02,-31,28,2026-05-04,287.32142857142856
1299,2026-01-09,Paid Social,Invest,CA,55+,0,Active,19,886.2700000000001,369.09000000000003,4.940000000000001,517.18,2026-01-13,2026-04-29,-28,17,2026-04-24,224.41176470588235
1321,2025-09-21,Paid Social,Banking,NY,35-44,0,Active,19,421.2000000000001,53.91,6.129999999999999,367.2900000000001,2025-09-22,2026-04-25,-24,22,2026-05-03,366.90909090909093
1322,2025-07-18,Email,Banking,OH,55+,0,Active,16,1212.65,0.0,2.27,1212.65,2025-07-26,2026-04-23,-22,27,2026-04-25,280.0
1324,2025-07-26,Organic,Both,CO,35-44,0,Active,15,1064.27,197.25,1.6100000000000003,867.0200000000001,2025-08-03,2026-03-27,5,22,2026-05-03,314.8181818181818
1341,2025-12-11,Paid Social,Both,NY,25-34,0,Active,16,506.45000000000005,290.20000000000005,5.23,216.24999999999997,2025-12-16,2026-05-02,-31,28,2026-05-03,244.82142857142858
1385,2025-12-19,Email,Banking,IL,35-44,0,Active,22,800.7199999999999,158.22,7.290000000000001,642.5,2025-12-19,2026-05-04,-33,28,2026-05-04,216.32142857142858
1406,2025-05-09,Organic,Banking,OH,55+,0,Active,14,1121.88,24.48,2.4,1097.4,2025-05-19,2026-04-25,-24,31,2026-04-20,282.2258064516129
1418,2025-08-08,Organic,Banking,AZ,35-44,0,Active,15,675.47,174.87,1.71,500.6,2025-08-12,2026-04-30,-29,19,2026-05-04,344.7368421052632
1421,2025-11-16,App Store,Banking,FL,25-34,0,Active,22,1402.8,0.0,5.34,1402.8,2025-11-16,2026-04-17,-16,21,2026-05-02,249.71428571428572
1432,2025-11-24,Email,Banking,GA,55+,0,Active,16,744.86,123.71,4.050000000000001,621.15,2025-11-25,2026-04-14,-13,22,2026-05-04,279.8181818181818
1436,2025-08-23,App Store,Both,CO,25-34,0,Active,12,208.1,149.95000000000002,3.67,58.150000000000006,2025-09-28,2026-05-04,-33,24,2026-04-22,248.20833333333334
1458,2026-04-21,Referral,Banking,TX,18-24,0,Active,23,1465.3999999999999,283.07,5.56,1182.3299999999997,2026-04-21,2026-05-03,-32,23,2026-05-03,298.17391304347825
1486,2025-12-26,Organic,Both,IL,25-34,0,Active,12,949.37,191.87,1.56,757.5000000000001,2026-01-09,2026-05-03,-32,28,2026-04-29,303.32142857142856
1487,2026-04-06,Organic,Invest,GA,18-24,0,Active,19,1166.08,98.08,4.76,1068.0,2026-04-08,2026-05-04,-33,23,2026-05-04,326.60869565217394
1006,2025-05-28,Paid Social,Invest,NY,35-44,1,Silent,15,888.6900000000002,164.79,4.55,723.9,2025-05-29,2025-11-20,132,20,2025-11-18,303.25
1010,2026-04-20,Organic,Both,IL,45-54,0,Active,21,1183.73,447.64000000000004,4.26,736.0899999999999,2026-04-20,2026-05-04,-33,14,2026-05-04,197.5
1042,2025-08-02,Organic,Both,GA,35-44,0,Active,14,696.99,329.16999999999996,2.3200000000000003,367.82000000000005,2025-08-28,2026-05-04,-33,20,2026-05-02,378.5
1104,2025-08-27,Paid Social,Invest,WA,45-54,0,Active,15,1226.49,213.61,2.94,1012.88,2025-09-27,2026-04-26,-25,28,2026-05-01,267.5
1106,2026-02-06,Referral,Invest,CA,25-34,0,Active,16,1038.8700000000001,0.0,3.54,1038.8700000000001,2026-02-13,2026-04-11,-10,27,2026-04-27,337.037037037037
1119,2025-06-05,Paid Social,Invest,TX,55+,0,Active,12,151.04,554.52,2.85,-403.48,2025-07-19,2026-05-04,-33,27,2026-05-02,308.18518518518516
1125,2026-02-04,Paid Social,Banking,CO,35-44,0,Active,15,1078.6599999999999,180.24,3.5300000000000002,898.42,2026-02-16,2026-05-01,-30,22,2026-05-01,261.77272727272725
1131,2025-09-24,Organic,Both,AZ,45-54,0,Active,13,599.3499999999999,160.29,2.6100000000000003,439.06000000000006,2025-10-08,2026-04-03,-2,14,2026-04-17,297.64285714285717
1134,2026-03-23,Referral,Banking,WA,25-34,0,Active,11,910.1199999999999,583.08,1.78,327.03999999999996,2026-03-30,2026-05-04,-33,26,2026-05-04,341.15384615384613
1138,2026-01-09,Email,Invest,IL,25-34,0,Active,14,665.65,32.01,2.0999999999999996,633.64,2026-01-15,2026-04-27,-26,27,2026-04-30,268.3703703703704
1151,2026-01-15,Organic,Invest,AZ,25-34,0,Active,15,956.58,222.10999999999999,1.27,734.4700000000001,2026-02-03,2026-05-04,-33,26,2026-05-02,294.8076923076923
1170,2025-10-19,Referral,Banking,FL,35-44,0,Active,8,831.5199999999999,0.0,0.31000000000000005,831.5199999999999,2025-10-20,2026-05-01,-30,29,2026-04-16,307.13793103448273
1176,2025-11-20,Email,Banking,IL,25-34,0,Active,13,718.2600000000001,0.0,3.5500000000000003,718.2600000000001,2025-11-27,2026-04-25,-24,16,2026-04-24,358.1875
1187,2025-05-21,Organic,Both,IL,25-34,0,Active,22,1692.8599999999997,324.5,5.840000000000001,1368.3599999999997,2025-05-28,2026-04-11,-10,22,2026-04-28,295.1818181818182
1194,2025-12-22,Referral,Both,TX,25-34,0,Active,10,608.1500000000001,430.18,1.87,177.96999999999997,2025-12-27,2026-04-17,-16,19,2026-05-01,315.0
1211,2026-04-03,Paid Social,Invest,FL,45-54,0,Active,15,621.0600000000001,84.28,3.61,536.78,2026-04-08,2026-05-04,-33,16,2026-05-02,259.5
1251,2026-04-04,Organic,Banking,GA,25-34,0,Active,18,1717.79,182.04,1.55,1535.75,2026-04-05,2026-05-04,-33,29,2026-05-02,362.41379310344826
1256,2025-10-28,Organic,Both,GA,35-44,0,Active,20,1185.2299999999998,0.0,5.21,1185.2299999999998,2025-10-31,2026-05-04,-33,23,2026-04-05,287.1304347826087
1286,2026-01-06,Organic,Banking,TX,18-24,0,Active,14,1210.85,194.7,2.11,1016.1500000000001,2026-01-06,2026-03-03,29,24,2026-03-11,281.25
1289,2026-01-10,Organic,Invest,CO,25-34,0,Active,17,325.48,37.3,7.44,288.18,2026-01-12,2026-04-24,-23,19,2026-04-24,239.78947368421052
1294,2026-04-14,Email,Invest,TX,35-44,0,Active,15,945.81,0.0,3.7,945.81,2026-04-14,2026-05-04,-33,29,2026-05-04,315.9655172413793
1312,2026-03-18,Email,Invest,CO,45-54,0,Active,15,555.33,120.3,2.45,435.03000000000003,2026-03-19,2026-05-03,-32,18,2026-05-01,306.55555555555554
1325,2025-06-14,Organic,Banking,OH,35-44,0,Active,11,270.74999999999994,480.62,3.46,-209.87000000000003,2025-07-03,2026-04-13,-12,30,2026-04-07,273.0
1326,2026-04-27,Organic,Both,CA,18-24,0,Active,17,1084.95,72.47,4.2700000000000005,1012.48,2026-04-27,2026-05-04,-33,23,2026-05-04,303.0
1329,2025-06-11,Organic,Invest,CO,35-44,0,Active,13,438.56999999999994,0.0,4.57,438.56999999999994,2025-06-15,2026-03-31,1,18,2026-04-22,350.05555555555554
1357,2026-01-07,Organic,Invest,IL,55+,0,Active,17,1102.71,63.14,3.2900000000000005,1039.5700000000002,2026-01-10,2026-02-24,36,23,2026-03-01,340.82608695652175
1364,2025-09-11,Organic,Both,OH,25-34,0,Active,21,654.4900000000001,524.49,3.51,130.0000000000001,2025-09-18,2026-04-25,-24,26,2026-04-21,251.84615384615384
1389,2025-11-26,Organic,Both,FL,35-44,0,Active,11,709.92,11.96,2.4899999999999998,697.9599999999999,2025-12-04,2026-04-17,-16,23,2026-04-18,290.2173913043478
1002,2025-06-27,Email,Banking,FL,25-34,0,Active,21,1237.0,42.8,6.070000000000001,1194.2,2025-07-13,2026-04-28,-27,25,2026-04-29,295.36
1015,2025-08-27,Referral,Invest,FL,25-34,0,Active,20,1062.22,0.0,3.18,1062.22,2025-08-28,2026-03-16,16,22,2026-03-08,325.04545454545456
1022,2026-02-14,Organic,Banking,OH,25-34,0,Active,19,1571.32,0.0,2.7,1571.32,2026-02-14,2026-05-04,-33,31,2026-05-04,249.48387096774192
1043,2025-11-10,Organic,Both,NY,25-34,1,Silent,18,1209.19,154.96,4.79,1054.23,2025-11-15,2026-01-12,79,27,2026-01-11,247.14814814814815
1046,2026-01-05,Referral,Invest,TX,18-24,0,Active,18,607.11,300.45,5.38,306.66,2026-01-20,2026-04-21,-20,15,2026-05-04,293.53333333333336
1048,2025-11-22,Paid Social,Banking,GA,45-54,0,Active,16,830.61,280.71,3.5599999999999996,549.9000000000001,2025-11-25,2026-04-14,-13,18,2026-04-26,263.44444444444446
1052,2026-01-26,Email,Banking,AZ,18-24,0,Active,10,670.46,240.28,1.17,430.17999999999995,2026-02-06,2026-04-20,-19,33,2026-04-28,304.72727272727275
1069,2025-12-20,Organic,Invest,NY,18-24,0,Active,12,222.06999999999996,240.95000000000002,4.07,-18.880000000000013,2026-01-04,2026-03-18,14,30,2026-04-07,302.56666666666666
1079,2025-12-08,Referral,Both,OH,18-24,0,Active,20,952.6200000000001,422.76,4.31,529.86,2025-12-23,2026-04-10,-9,35,2026-04-27,285.6857142857143
1080,2025-07-05,Paid Social,Invest,NY,25-34,1,Silent,19,897.72,413.44,6.37,484.28,2025-07-07,2025-11-18,134,26,2025-11-29,243.96153846153845
1113,2026-04-02,Paid Social,Both,NY,18-24,0,Active,9,669.35,169.2,2.5500000000000003,500.15000000000003,2026-04-09,2026-04-24,-23,29,2026-05-03,331.6551724137931
1126,2026-01-10,Organic,Invest,IL,45-54,0,Active,9,576.98,339.45000000000005,1.46,237.53,2026-01-12,2026-04-27,-26,25,2026-04-24,322.28
1229,2025-08-30,Organic,Invest,AZ,18-24,0,Active,14,576.12,96.39,2.71,479.7299999999999,2025-08-30,2026-04-25,-24,30,2026-04-26,364.56666666666666
1232,2025-12-05,Email,Invest,GA,25-34,0,Active,17,361.78,514.54,4.3,-152.76,2025-12-08,2026-04-04,-3,36,2026-05-02,276.8888888888889
1241,2025-07-12,Organic,Invest,IL,18-24,0,Active,23,955.1,106.36000000000001,8.820000000000002,848.7399999999999,2025-07-22,2026-04-11,-10,23,2026-05-03,334.5652173913044
1264,2025-10-27,Organic,Invest,IL,35-44,0,Active,18,827.72,113.06,8.020000000000001,714.6600000000001,2025-11-11,2026-05-04,-33,27,2026-05-02,342.74074074074076
1269,2026-05-02,Organic,Banking,IL,25-34,0,Active,13,586.34,0.0,5.37,586.34,2026-05-02,2026-05-04,-33,17,2026-05-04,246.35294117647058
1277,2026-02-04,Referral,Invest,GA,55+,0,Active,15,1073.32,26.0,2.4699999999999998,1047.32,2026-02-05,2026-04-29,-28,25,2026-05-03,326.08
1278,2025-07-30,Referral,Both,NY,55+,0,Active,22,1207.2,46.8,4.29,1160.4,2025-08-01,2026-04-08,-7,26,2026-04-26,295.7692307692308
1280,2025-12-11,App Store,Invest,OH,35-44,0,Active,16,698.04,31.4,3.6100000000000003,666.64,2025-12-17,2026-05-01,-30,39,2026-04-30,298.87179487179486
1281,2025-05-11,Paid Social,Banking,FL,25-34,0,Active,22,1696.5600000000004,0.0,3.7500000000000004,1696.5600000000004,2025-05-25,2026-04-28,-27,16,2026-03-12,261.8125
1288,2025-07-01,Paid Social,Invest,GA,18-24,0,Active,14,899.6,187.93,1.9100000000000001,711.67,2025-08-09,2026-03-25,7,33,2026-05-01,246.21212121212122
1304,2025-05-22,Organic,Banking,WA,45-54,0,Active,14,648.28,0.0,5.720000000000001,648.28,2025-05-28,2026-04-09,-8,23,2026-05-01,267.82608695652175
1305,2025-05-13,Referral,Both,WA,35-44,0,Active,13,355.92,407.64,2.55,-51.719999999999985,2025-05-24,2026-04-16,-15,30,2026-05-02,221.83333333333334
1308,2026-04-16,App Store,Invest,TX,18-24,0,Active,15,1262.96,139.43,2.56,1123.53,2026-04-16,2026-05-02,-31,22,2026-05-04,316.09090909090907
1338,2025-12-28,Organic,Invest,CA,35-44,0,Active,16,715.41,242.91,4.42,472.5,2026-01-02,2026-05-01,-30,26,2026-04-27,370.84615384615387
1358,2026-04-18,Referral,Banking,AZ,35-44,0,Active,12,871.8299999999999,147.63,3.0599999999999996,724.2,2026-04-20,2026-05-04,-33,26,2026-05-02,359.84615384615387
1376,2025-08-18,Referral,Both,AZ,35-44,0,Active,15,685.4,266.18,3.96,419.2200000000001,2025-08-24,2026-04-26,-25,26,2026-05-01,274.15384615384613
1384,2025-11-18,Organic,Banking,WA,25-34,0,Active,17,1052.71,291.15999999999997,3.0599999999999996,761.55,2025-11-18,2026-04-28,-27,26,2026-04-22,357.8076923076923
1443,2025-09-15,Organic,Both,AZ,18-24,0,Active,5,191.25,0.0,0.30000000000000004,191.25,2025-11-23,2026-03-05,27,22,2026-05-04,269.6818181818182
1457,2025-12-27,Organic,Banking,IL,25-34,1,Silent,14,1151.7300000000002,151.67,0.32,1000.0600000000001,2025-12-27,2026-01-23,68,30,2026-01-24,291.46666666666664
1459,2026-03-13,Organic,Both,OH,35-44,0,Active,12,961.9500000000002,0.0,2.62,961.9500000000002,2026-03-14,2026-04-29,-28,22,2026-05-04,233.1818181818182
1472,2025-12-18,Paid Social,Banking,FL,18-24,0,Active,15,567.8000000000001,106.46000000000001,5.1499999999999995,461.34,2025-12-29,2026-04-16,-15,31,2026-04-28,324.0
1481,2025-12-01,Organic,Both,NY,55+,0,Active,16,1352.28,312.57,1.6900000000000002,1039.71,2025-12-07,2026-05-03,-32,17,2026-04-26,273.70588235294116
1493,2025-09-07,Organic,Both,OH,25-34,0,Active,12,335.53000000000003,375.98,3.78,-40.45000000000003,2025-09-19,2026-04-13,-12,15,2026-04-21,249.8
1498,2025-10-25,Paid Social,Both,NY,35-44,1,Silent,19,561.68,285.6,3.4600000000000004,276.08000000000004,2025-10-25,2026-01-24,67,20,2026-02-08,236.1
1003,2026-03-17,Paid Social,Banking,NY,35-44,0,Active,20,940.2800000000002,203.1,6.559999999999999,737.1800000000002,2026-03-17,2026-05-03,-32,23,2026-05-03,354.1304347826087
1020,2026-01-11,Organic,Banking,GA,25-34,0,Active,15,813.3800000000001,0.0,4.27,813.3800000000001,2026-01-16,2026-04-30,-29,27,2026-05-03,299.3703703703704
1028,2026-01-28,App Store,Banking,WA,18-24,0,Active,16,1555.72,5.1,2.87,1550.6200000000001,2026-01-28,2026-05-03,-32,25,2026-05-02,342.48
1029,2026-03-09,Organic,Invest,OH,25-34,0,Active,12,661.86,153.12,4.06,508.73999999999995,2026-03-18,2026-05-04,-33,23,2026-05-04,296.3478260869565
1051,2025-07-09,Referral,Both,FL,45-54,0,Active,9,678.8699999999999,0.0,1.92,678.8699999999999,2025-09-08,2026-04-14,-13,30,2026-04-22,287.96666666666664
1054,2026-02-15,Email,Both,NY,25-34,0,Active,13,454.29,209.87,5.21,244.42000000000002,2026-02-15,2026-04-29,-28,20,2026-05-03,315.95
1055,2025-11-24,Paid Social,Banking,GA,35-44,0,Active,12,596.16,188.17,2.29,407.99,2025-12-03,2026-04-23,-22,23,2026-04-22,228.47826086956522
1074,2025-07-23,Organic,Invest,WA,18-24,0,Active,19,848.26,118.68,3.28,729.5799999999999,2025-08-11,2026-04-28,-27,22,2026-04-26,287.3636363636364
1076,2025-12-26,Paid Social,Invest,WA,25-34,0,Active,15,983.1200000000001,354.79,2.9600000000000004,628.3300000000002,2025-12-30,2026-04-27,-26,31,2026-05-04,309.48387096774195
1077,2025-06-10,App Store,Both,FL,25-34,0,Active,13,1278.9200000000003,0.0,1.25,1278.9200000000003,2025-06-18,2026-04-02,-1,19,2026-05-02,332.7894736842105
1091,2025-10-15,Organic,Invest,CA,18-24,0,Active,20,559.3000000000001,448.95,7.279999999999999,110.35000000000002,2025-11-13,2026-03-11,21,22,2026-03-11,312.09090909090907
1099,2026-01-05,Paid Social,Banking,CA,55+,0,Active,12,571.7,33.88,2.18,537.82,2026-01-07,2026-02-24,36,21,2026-02-25,312.0952380952381
1112,2025-09-18,Email,Banking,AZ,55+,0,Active,18,925.22,0.0,3.6199999999999997,925.22,2025-09-25,2026-03-22,10,22,2026-03-10,318.3181818181818
1116,2026-02-02,Paid Social,Invest,CA,25-34,0,Active,15,943.9199999999998,0.0,4.5600000000000005,943.9199999999998,2026-02-04,2026-04-29,-28,26,2026-05-04,271.03846153846155
1139,2026-04-07,Paid Social,Invest,AZ,25-34,0,Active,22,1833.0499999999997,0.0,6.23,1833.0499999999997,2026-04-09,2026-05-04,-33,26,2026-05-04,301.5
1146,2026-04-28,Paid Social,Banking,GA,45-54,0,Active,11,661.55,172.49,3.2199999999999998,489.06000000000006,2026-04-28,2026-05-04,-33,23,2026-05-04,285.9130434782609
1147,2025-12-01,Referral,Banking,TX,18-24,0,Active,18,891.3300000000002,337.56,3.2800000000000002,553.77,2025-12-09,2026-05-03,-32,22,2026-04-25,321.40909090909093
1157,2026-03-26,Organic,Invest,AZ,25-34,0,Active,13,937.35,229.24,1.7000000000000002,708.11,2026-03-28,2026-05-04,-33,19,2026-05-01,347.05263157894734
1158,2026-03-22,Paid Social,Banking,IL,25-34,0,Active,13,1076.59,202.51,1.31,874.0799999999999,2026-03-24,2026-05-04,-33,21,2026-05-04,272.0952380952381
1161,2025-11-18,Paid Social,Invest,AZ,25-34,0,Active,11,829.03,0.0,2.18,829.03,2025-11-29,2026-04-29,-28,19,2026-04-08,336.05263157894734
1166,2025-07-04,Paid Social,Both,CA,35-44,0,Active,18,693.1799999999998,564.59,5.67,128.59,2025-07-09,2026-05-02,-31,22,2026-05-01,257.54545454545456
1169,2026-03-01,Referral,Invest,AZ,45-54,0,Active,17,754.2500000000001,420.02,2.69,334.23000000000013,2026-03-04,2026-05-01,-30,26,2026-05-02,260.2307692307692
1189,2025-11-07,Paid Social,Banking,TX,35-44,0,Active,9,639.2,196.61,1.5,442.59000000000003,2025-12-07,2026-04-13,-12,21,2026-05-03,257.6190476190476
1190,2026-03-12,Organic,Both,GA,25-34,0,Active,16,1093.9399999999998,194.35999999999999,2.2800000000000002,899.5799999999999,2026-03-12,2026-04-27,-26,35,2026-05-04,311.54285714285714
1220,2026-03-11,App Store,Invest,GA,18-24,0,Active,15,840.1100000000001,120.86,3.79,719.25,2026-03-13,2026-05-03,-32,20,2026-05-04,342.4
1242,2025-12-25,Email,Banking,IL,35-44,0,Active,15,433.84,166.31,3.7299999999999995,267.53,2026-01-03,2026-04-30,-29,14,2026-04-29,314.14285714285717
1273,2025-12-25,Email,Both,WA,45-54,0,Active,15,1001.4599999999999,253.57999999999998,2.14,747.88,2026-01-09,2026-05-01,-30,24,2026-04-26,299.8333333333333
1290,2025-05-06,Paid Social,Invest,CO,18-24,0,Active,19,826.4300000000001,62.95,4.76,763.4800000000001,2025-06-01,2026-04-28,-27,28,2026-04-30,304.10714285714283
1292,2026-05-02,Paid Social,Both,CO,18-24,0,Active,27,1734.7499999999998,280.67,6.67,1454.08,2026-05-02,2026-05-04,-33,30,2026-05-04,330.2
1298,2025-06-06,Paid Social,Both,AZ,35-44,1,Silent,16,672.8299999999999,13.45,2.4699999999999998,659.3799999999999,2025-06-11,2026-01-24,67,23,2026-01-21,305.5217391304348
1310,2025-06-06,App Store,Banking,WA,25-34,0,Active,20,1796.1700000000003,294.44,1.9000000000000001,1501.7300000000002,2025-06-16,2026-02-14,46,23,2026-02-20,272.60869565217394
1314,2025-11-10,Email,Banking,CA,18-24,0,Active,18,1356.3,551.31,2.33,804.99,2025-11-17,2026-04-28,-27,23,2026-05-04,364.7826086956522
1318,2025-06-29,App Store,Banking,AZ,25-34,1,Silent,17,718.55,373.61,5.409999999999999,344.94000000000005,2025-07-10,2026-01-09,82,31,2025-12-25,304.48387096774195
1363,2025-11-16,Email,Invest,AZ,55+,0,Active,12,473.46000000000004,409.17,1.59,64.29000000000002,2025-11-26,2026-04-13,-12,26,2026-05-04,324.84615384615387
1381,2025-05-15,Paid Social,Invest,OH,45-54,1,Silent,16,1103.57,0.0,6.0,1103.57,2025-05-22,2025-10-03,180,23,2025-10-03,294.7391304347826
1388,2025-08-19,Organic,Banking,FL,45-54,0,Active,19,578.9499999999999,156.06,3.6799999999999997,422.89000000000004,2025-08-24,2026-02-21,39,26,2026-03-02,360.61538461538464
1431,2025-09-28,Paid Social,Invest,IL,18-24,0,Active,14,1118.6100000000001,270.34000000000003,2.8400000000000003,848.27,2025-09-29,2026-03-07,25,20,2026-03-06,305.15
1445,2025-07-29,Organic,Invest,FL,18-24,0,Active,16,961.6500000000001,0.0,2.58,961.6500000000001,2025-08-03,2026-04-21,-20,26,2026-05-02,313.1923076923077
1470,2025-07-21,Organic,Banking,AZ,18-24,0,Active,15,1108.07,0.0,2.4699999999999998,1108.07,2025-08-05,2026-03-06,26,24,2026-04-20,292.4166666666667
1471,2026-02-17,Referral,Invest,OH,25-34,0,Active,14,338.90999999999997,293.86,2.2100000000000004,45.04999999999997,2026-02-19,2026-03-20,12,25,2026-03-20,310.12
1050,2025-11-25,Organic,Both,TX,25-34,0,Active,15,1162.4299999999998,0.0,4.35,1162.4299999999998,2025-11-30,2026-04-28,-27,17,2026-04-28,342.5882352941176
1062,2026-02-28,Organic,Invest,AZ,18-24,0,Active,15,746.99,140.61,1.48,606.3800000000001,2026-02-28,2026-05-04,-33,18,2026-05-04,329.77777777777777
1063,2025-05-05,Paid Social,Banking,NY,35-44,0,Active,16,549.61,657.56,3.8699999999999997,-107.95000000000002,2025-05-20,2026-04-16,-15,30,2026-05-02,283.1
1073,2025-07-09,Referral,Invest,CA,45-54,1,Silent,24,1171.9199999999996,176.24,5.99,995.6800000000002,2025-07-09,2025-07-27,248,21,2025-07-27,302.04761904761904
1081,2025-12-02,Organic,Banking,NY,25-34,0,Active,16,570.1700000000001,63.79,5.62,506.37999999999994,2025-12-08,2026-04-24,-23,45,2026-04-27,277.9111111111111
1083,2025-06-25,Paid Social,Banking,WA,25-34,0,Active,12,723.0600000000001,0.0,2.8700000000000006,723.0600000000001,2025-07-21,2026-02-06,54,23,2026-04-16,242.69565217391303
1090,2025-07-30,Organic,Banking,GA,35-44,0,Active,14,901.5400000000001,764.1999999999999,2.1799999999999997,137.34,2025-08-12,2026-03-30,2,18,2026-04-23,299.3333333333333
1097,2026-04-24,Organic,Banking,NY,35-44,0,Active,21,1342.6799999999998,366.57000000000005,3.54,976.11,2026-04-24,2026-05-03,-32,22,2026-05-04,299.54545454545456
1121,2025-10-04,Email,Invest,CO,35-44,0,Active,11,424.46,266.45,2.73,158.00999999999993,2025-10-17,2026-04-04,-3,24,2026-05-03,323.3333333333333
1154,2025-10-17,Referral,Both,OH,55+,0,Active,19,1694.5700000000002,0.0,4.34,1694.5700000000002,2025-10-18,2026-04-28,-27,28,2026-05-02,264.89285714285717
1173,2026-03-18,Referral,Banking,NY,25-34,0,Active,14,968.6300000000001,286.72,2.32,681.9100000000001,2026-03-18,2026-05-01,-30,29,2026-05-01,286.0344827586207
1177,2026-02-19,Referral,Both,CO,25-34,0,Active,11,754.8900000000001,55.84,1.45,699.05,2026-03-07,2026-04-30,-29,24,2026-05-01,246.875
1179,2025-08-25,Organic,Invest,OH,25-34,0,Active,23,1340.69,321.29,4.5200000000000005,1019.4,2025-08-28,2026-04-19,-18,26,2026-04-25,299.15384615384613
1208,2025-12-03,Email,Banking,CO,35-44,0,Active,11,214.44,32.85,3.4499999999999993,181.58999999999997,2025-12-14,2026-04-29,-28,18,2026-05-03,297.8333333333333
1212,2026-01-26,Organic,Both,TX,35-44,0,Active,7,422.2800000000001,110.04,1.85,312.24,2026-03-07,2026-04-12,-11,26,2026-05-03,276.0769230769231
1213,2026-04-30,Paid Social,Both,FL,25-34,0,Active,18,655.47,653.23,4.220000000000001,2.2399999999999536,2026-04-30,2026-05-04,-33,26,2026-05-04,325.53846153846155
1311,2025-09-11,Referral,Banking,CO,25-34,0,Active,11,676.94,169.26,3.01,507.68,2025-10-07,2026-03-30,2,27,2026-04-28,309.962962962963
1336,2025-11-19,Organic,Both,CA,25-34,1,Silent,17,1111.24,105.27,3.0099999999999993,1005.9700000000001,2025-11-23,2026-01-29,62,29,2026-01-25,276.37931034482756
1342,2025-09-18,Referral,Banking,FL,18-24,0,Active,16,888.3999999999999,306.45,3.1300000000000003,581.95,2025-10-15,2026-04-22,-21,30,2026-05-04,224.7
1361,2026-02-19,Organic,Banking,CO,25-34,0,Active,14,764.5,337.52,1.7999999999999998,426.98000000000013,2026-02-25,2026-04-27,-26,21,2026-05-04,321.3333333333333
1408,2025-11-03,Organic,Invest,CA,18-24,1,Silent,15,910.4499999999998,29.95,4.07,880.4999999999998,2025-11-03,2025-11-30,122,30,2025-12-01,283.5
1413,2025-08-08,Paid Social,Banking,GA,18-24,1,Silent,18,931.1899999999999,199.44000000000003,4.42,731.75,2025-08-10,2026-01-26,65,24,2026-05-04,275.4583333333333
1416,2025-08-13,Email,Banking,CA,25-34,0,Active,19,970.29,272.58,4.93,697.71,2025-09-18,2026-04-30,-29,27,2026-04-17,307.14814814814815
1424,2025-06-13,Referral,Invest,OH,25-34,0,Active,19,1321.3699999999997,352.13,3.6599999999999993,969.2400000000001,2025-07-01,2026-05-04,-33,22,2026-05-01,294.90909090909093
1451,2025-07-23,Paid Social,Banking,FL,35-44,0,Active,14,902.74,392.82000000000005,2.8600000000000003,509.91999999999996,2025-07-25,2026-04-14,-13,21,2026-04-21,288.7142857142857
1474,2026-03-30,App Store,Banking,WA,18-24,0,Active,17,782.9499999999999,113.64,4.12,669.31,2026-03-30,2026-05-03,-32,25,2026-05-02,348.44
1478,2026-02-15,Organic,Banking,FL,25-34,0,Active,13,525.53,508.84,2.04,16.689999999999966,2026-02-26,2026-05-04,-33,32,2026-05-03,347.5
1484,2025-12-24,Organic,Both,AZ,25-34,0,Active,9,338.06,187.57,1.38,150.49,2026-02-03,2026-04-24,-23,28,2026-05-04,296.25
1005,2025-12-16,Organic,Both,OH,55+,0,Active,16,604.6800000000001,214.69,3.05,389.99,2025-12-25,2026-04-08,-7,31,2026-04-20,309.5806451612903
1030,2025-08-06,Referral,Invest,FL,18-24,1,Silent,10,620.38,69.24,1.8800000000000001,551.14,2025-08-13,2025-10-17,166,27,2025-10-23,315.3703703703704
1082,2025-07-08,Organic,Banking,WA,45-54,0,Active,12,518.6600000000001,0.0,2.91,518.6600000000001,2025-07-29,2026-03-18,14,24,2026-04-30,367.1666666666667
1092,2026-02-23,Referral,Banking,OH,18-24,0,Active,14,551.67,300.34,3.38,251.33000000000013,2026-02-24,2026-04-30,-29,27,2026-05-01,328.48148148148147
1107,2025-05-29,Referral,Both,IL,35-44,0,Active,13,577.0200000000001,289.42,2.5599999999999996,287.6,2025-07-04,2026-04-26,-25,29,2026-04-29,353.44827586206895
1115,2025-11-10,Paid Social,Banking,NY,35-44,0,Active,17,1225.8899999999999,257.57,2.7300000000000004,968.3199999999997,2025-11-20,2026-05-01,-30,23,2026-04-25,255.82608695652175
1140,2025-06-12,Paid Social,Banking,GA,18-24,0,Active,20,1425.8,173.42,4.46,1252.38,2025-06-19,2026-04-30,-29,29,2026-04-30,313.2413793103448
1150,2025-10-16,Referral,Invest,IL,55+,0,Active,14,503.57000000000005,441.15000000000003,5.05,62.420000000000016,2025-10-19,2026-04-30,-29,21,2026-05-03,371.42857142857144
1178,2026-04-13,App Store,Invest,NY,25-34,0,Active,18,1041.88,290.6,2.6,751.2799999999999,2026-04-13,2026-05-04,-33,20,2026-05-04,273.05
1186,2026-02-17,Paid Social,Invest,CO,45-54,0,Active,21,2250.5,626.58,0.97,1623.92,2026-02-17,2026-04-29,-28,33,2026-05-01,315.8484848484849
1197,2026-01-14,Paid Social,Invest,FL,45-54,0,Active,16,713.4199999999998,227.91000000000003,4.08,485.51,2026-01-14,2026-04-30,-29,23,2026-05-03,273.7826086956522
1200,2025-09-24,Email,Both,TX,25-34,0,Active,15,1260.49,245.6,3.15,1014.8899999999996,2025-09-24,2026-04-26,-25,16,2026-05-03,273.75
1203,2026-04-18,Organic,Invest,CO,25-34,0,Active,16,1110.99,329.22,2.35,781.7700000000001,2026-04-20,2026-05-04,-33,20,2026-05-04,322.7
1216,2025-07-06,Organic,Invest,TX,18-24,1,Silent,13,631.0300000000001,175.31,4.22,455.7200000000001,2025-07-08,2026-01-13,78,20,2026-03-06,294.7
1244,2025-10-01,Paid Social,Banking,GA,18-24,0,Active,7,321.34,209.04,2.05,112.3,2025-10-05,2026-04-21,-20,27,2026-04-26,327.8888888888889
1258,2025-05-06,Organic,Banking,OH,18-24,0,Active,11,947.3,0.0,2.69,947.3,2025-07-23,2026-04-13,-12,29,2026-04-29,336.7931034482759
1296,2025-06-22,Organic,Both,GA,18-24,0,Active,22,1235.6799999999998,381.31,3.9,854.3699999999999,2025-07-04,2026-04-29,-28,21,2026-04-07,272.04761904761904
1316,2025-10-22,Referral,Both,IL,45-54,0,Active,9,624.9,0.0,2.42,624.9,2025-11-09,2026-05-03,-32,17,2026-04-19,331.5882352941176
1328,2026-03-16,Organic,Both,FL,18-24,0,Active,11,887.84,0.0,3.0300000000000002,887.84,2026-03-20,2026-04-27,-26,22,2026-05-04,355.72727272727275
1339,2025-07-11,Paid Social,Invest,IL,25-34,0,Active,14,647.22,135.64000000000001,0.9800000000000001,511.58000000000004,2025-07-30,2026-02-24,36,27,2026-04-27,260.14814814814815
1347,2025-06-14,App Store,Invest,FL,25-34,0,Active,11,535.54,59.25,2.74,476.2899999999999,2025-08-29,2026-04-22,-21,19,2026-04-18,388.2105263157895
1355,2025-11-19,Paid Social,Banking,TX,35-44,0,Active,13,975.43,0.0,2.76,975.43,2025-11-24,2026-03-01,31,27,2026-02-26,268.6666666666667
1382,2026-04-05,Organic,Invest,CA,18-24,0,Active,17,576.67,0.0,6.21,576.67,2026-04-08,2026-05-04,-33,34,2026-05-04,299.47058823529414
1394,2026-01-31,Organic,Invest,CA,18-24,0,Active,13,383.89,371.18,3.2199999999999998,12.709999999999976,2026-02-05,2026-04-27,-26,23,2026-05-04,240.34782608695653
1399,2025-09-19,Organic,Banking,CO,35-44,0,Active,12,921.3899999999999,59.97,2.13,861.4199999999998,2025-10-19,2026-04-21,-20,16,2026-04-23,338.0
1422,2025-06-07,Paid Social,Both,IL,25-34,0,Active,15,509.56,129.16,4.84,380.40000000000003,2025-06-09,2026-04-12,-11,23,2026-05-02,363.2608695652174
1423,2025-07-12,Organic,Invest,AZ,25-34,1,Silent,12,670.8499999999999,77.98,2.49,592.87,2025-07-12,2025-11-12,140,29,2025-11-10,299.2413793103448
1429,2026-02-26,Paid Social,Banking,OH,18-24,0,Active,15,1027.4399999999998,145.94,4.3100000000000005,881.4999999999999,2026-03-06,2026-05-04,-33,20,2026-04-23,277.4
1461,2025-09-29,Organic,Both,CO,55+,0,Active,20,1455.52,130.96,4.09,1324.56,2025-09-29,2026-02-19,41,17,2026-02-06,327.88235294117646
1465,2026-04-03,Organic,Both,WA,35-44,0,Active,21,964.9399999999999,376.53,3.85,588.41,2026-04-04,2026-05-04,-33,32,2026-05-03,276.8125
1480,2025-11-28,Email,Invest,WA,25-34,0,Active,17,761.86,53.74,5.98,708.12,2025-11-29,2026-04-26,-25,28,2026-04-26,271.42857142857144
1496,2025-05-10,Referral,Invest,OH,35-44,0,Active,20,963.05,248.32999999999998,4.13,714.7199999999999,2025-06-23,2026-04-17,-16,21,2026-04-17,286.7142857142857
1023,2026-04-21,Paid Social,Banking,TX,25-34,0,Active,14,616.48,166.82999999999998,3.09,449.6499999999999,2026-04-21,2026-05-04,-33,26,2026-05-04,306.0
1040,2026-04-13,Organic,Both,IL,18-24,0,Active,14,1403.1200000000001,0.0,3.04,1403.1200000000001,2026-04-14,2026-05-04,-33,21,2026-05-02,233.85714285714286
1047,2026-04-03,Organic,Both,CA,18-24,0,Active,10,559.8,84.75,2.15,475.04999999999995,2026-04-04,2026-05-03,-32,26,2026-05-04,292.03846153846155
1056,2025-05-25,Paid Social,Both,AZ,25-34,0,Active,9,372.89,0.0,3.0500000000000003,372.89,2025-06-26,2026-04-23,-22,30,2026-04-30,292.73333333333335
1057,2026-01-02,Email,Invest,AZ,45-54,0,Active,16,1093.71,0.0,4.54,1093.71,2026-01-08,2026-05-01,-30,24,2026-04-16,290.375
1067,2025-12-30,App Store,Banking,FL,25-34,0,Active,10,255.95999999999998,446.55,2.15,-190.59000000000003,2026-01-13,2026-04-23,-22,21,2026-04-20,338.6190476190476
1093,2025-07-23,Organic,Banking,OH,35-44,0,Active,10,647.37,181.16,1.75,466.21000000000004,2025-07-23,2026-05-01,-30,17,2026-05-01,309.6470588235294
1095,2026-02-12,Organic,Banking,WA,25-34,0,Active,11,742.3900000000001,0.0,1.22,742.3900000000001,2026-02-27,2026-05-03,-32,25,2026-04-26,288.44
1117,2026-03-19,Paid Social,Both,GA,25-34,0,Active,12,382.0,566.2,1.8599999999999999,-184.2,2026-03-20,2026-04-14,-13,15,2026-05-04,344.6
1118,2025-05-18,App Store,Banking,FL,45-54,1,Silent,21,1170.47,210.04999999999998,3.41,960.4200000000001,2025-06-14,2025-12-12,110,31,2025-12-12,309.83870967741933
1145,2025-09-12,Referral,Both,IL,25-34,0,Active,10,806.29,231.04,1.4,575.25,2025-10-15,2026-03-28,4,17,2026-04-28,279.2352941176471
1148,2025-06-25,Referral,Both,AZ,25-34,0,Active,22,2101.36,14.76,3.0100000000000002,2086.6,2025-06-27,2026-05-02,-31,20,2026-05-02,281.9
1152,2026-02-16,Organic,Both,GA,35-44,0,Active,18,1013.36,26.57,6.33,986.7900000000001,2026-02-19,2026-05-01,-30,30,2026-04-27,310.6
1153,2025-08-27,Referral,Both,CA,18-24,1,Silent,14,795.47,81.54,3.23,713.9300000000001,2025-09-01,2026-02-03,57,21,2026-02-05,318.3809523809524
1159,2026-04-24,Organic,Banking,OH,25-34,0,Active,13,497.62999999999994,227.57,4.74,270.05999999999995,2026-04-24,2026-05-04,-33,14,2026-05-04,313.57142857142856
1198,2025-08-21,Organic,Invest,OH,18-24,0,Active,10,287.05,242.87,2.17,44.17999999999996,2025-09-03,2026-04-26,-25,13,2026-04-19,250.6153846153846
1214,2025-09-28,Referral,Invest,OH,25-34,0,Active,15,884.7699999999999,22.11,3.9800000000000004,862.6599999999999,2025-10-13,2026-04-08,-7,20,2026-04-22,281.0
1226,2025-05-05,Organic,Banking,AZ,35-44,1,Silent,15,978.3100000000001,88.56,2.78,889.75,2025-06-03,2026-01-02,89,30,2026-01-15,297.1666666666667
1265,2025-12-08,App Store,Both,TX,35-44,0,Active,14,737.6399999999999,59.31,3.35,678.3299999999999,2025-12-08,2026-04-28,-27,24,2026-04-25,285.0833333333333
1266,2025-12-05,Organic,Both,AZ,18-24,0,Active,15,734.6500000000001,178.03,2.81,556.62,2025-12-07,2026-04-29,-28,23,2026-04-17,342.04347826086956
1270,2025-05-26,Referral,Banking,FL,55+,0,Active,16,1004.8400000000001,123.59,4.069999999999999,881.25,2025-07-11,2026-03-07,25,27,2026-03-10,340.55555555555554
1274,2026-01-26,Paid Social,Banking,FL,45-54,0,Active,24,1817.93,626.01,3.1800000000000006,1191.92,2026-01-27,2026-05-03,-32,23,2026-05-01,332.6521739130435
1284,2026-02-25,Referral,Banking,WA,45-54,0,Active,10,786.62,196.82,1.54,589.8,2026-02-25,2026-05-04,-33,27,2026-05-01,317.44444444444446
1287,2026-04-16,Email,Invest,CO,45-54,0,Active,12,670.69,0.0,3.5000000000000004,670.69,2026-04-19,2026-05-03,-32,20,2026-05-04,310.65
1330,2025-08-05,Email,Both,TX,45-54,0,Active,21,980.27,128.46,6.5200000000000005,851.81,2025-09-08,2026-04-18,-17,22,2026-04-13,222.95454545454547
1356,2025-06-10,Paid Social,Invest,WA,55+,0,Active,12,953.6199999999999,356.53000000000003,0.29,597.09,2025-07-23,2026-03-31,1,15,2026-05-01,360.93333333333334
1379,2025-08-05,Referral,Invest,TX,55+,0,Active,11,318.19,92.58,2.93,225.61,2025-08-26,2026-04-11,-10,21,2026-04-26,324.6190476190476
1393,2025-05-17,Referral,Invest,IL,55+,0,Active,17,1020.5599999999998,363.32,3.5999999999999996,657.24,2025-05-20,2026-04-24,-23,33,2026-04-19,275.90909090909093
1412,2025-10-04,Organic,Invest,CO,18-24,0,Active,25,2139.35,564.28,2.74,1575.07,2025-10-19,2026-04-27,-26,25,2026-03-29,327.48
1419,2026-03-17,Organic,Banking,WA,25-34,0,Active,16,507.68999999999994,0.0,4.26,507.68999999999994,2026-03-18,2026-05-04,-33,27,2026-04-29,287.85185185185185
1440,2025-12-22,Paid Social,Banking,CO,18-24,0,Active,22,1602.91,200.01,4.26,1402.8999999999999,2025-12-24,2026-04-04,-3,22,2026-04-15,296.95454545454544
1453,2025-05-29,Organic,Banking,TX,45-54,0,Active,16,1059.8500000000001,212.08,6.229999999999999,847.7700000000001,2025-08-21,2026-04-26,-25,16,2026-04-19,235.5
1464,2026-01-25,Paid Social,Invest,NY,35-44,0,Active,19,938.33,403.53999999999996,4.199999999999999,534.79,2026-01-25,2026-05-04,-33,25,2026-04-25,363.12
1477,2025-06-18,Referral,Both,IL,25-34,1,Silent,18,1497.41,168.51,3.5699999999999994,1328.8999999999999,2025-06-26,2025-09-28,185,26,2025-10-01,263.46153846153845
1011,2025-07-09,Organic,Banking,NY,45-54,1,Silent,17,611.5300000000001,0.0,6.2299999999999995,611.5300000000001,2025-07-11,2025-08-21,223,24,2025-08-17,307.8333333333333
1087,2025-06-16,Paid Social,Both,AZ,45-54,0,Active,22,1293.4899999999998,284.37,5.6,1009.1199999999999,2025-06-28,2026-03-30,2,20,2026-04-29,402.75
1108,2026-03-20,Organic,Both,OH,18-24,0,Active,19,1391.32,370.09000000000003,2.87,1021.2299999999999,2026-03-20,2026-05-02,-31,18,2026-04-30,323.6111111111111
1109,2025-12-30,Email,Both,OH,18-24,0,Active,16,983.59,402.18,3.3899999999999997,581.4100000000001,2026-01-05,2026-04-27,-26,23,2026-05-04,375.60869565217394
1130,2026-01-04,Referral,Invest,TX,55+,0,Active,16,745.75,208.64000000000001,3.3,537.11,2026-01-06,2026-05-02,-31,28,2026-05-02,269.32142857142856
1137,2026-04-08,Referral,Banking,CO,25-34,0,Active,15,1179.5200000000002,0.0,3.91,1179.5200000000002,2026-04-10,2026-05-01,-30,10,2026-05-02,248.6
1142,2025-06-05,App Store,Banking,IL,25-34,0,Active,18,1669.2400000000002,542.3199999999999,3.53,1126.92,2025-06-08,2026-02-19,41,17,2026-02-18,244.58823529411765
1164,2025-08-18,Organic,Banking,CA,25-34,0,Active,17,771.57,279.36,5.05,492.21000000000004,2025-08-26,2026-04-16,-15,30,2026-05-03,256.76666666666665
1172,2025-05-09,Email,Banking,OH,25-34,1,Silent,17,885.2500000000002,30.88,4.5,854.3700000000002,2025-05-13,2025-06-15,290,15,2025-06-11,372.26666666666665
1205,2025-10-17,App Store,Invest,CA,55+,0,Active,7,549.25,0.0,2.01,549.25,2025-12-17,2026-04-16,-15,15,2026-04-08,279.06666666666666
1228,2025-09-01,Organic,Banking,CA,25-34,0,Active,12,298.33,195.61999999999998,2.1,102.71000000000001,2025-10-09,2026-04-18,-17,22,2026-04-24,334.72727272727275
1248,2026-01-14,App Store,Invest,TX,25-34,0,Active,14,863.2400000000001,0.0,3.3200000000000003,863.2400000000001,2026-01-21,2026-04-29,-28,29,2026-05-04,323.2068965517241
1302,2026-02-18,Referral,Banking,CA,18-24,0,Active,18,550.4600000000002,0.0,5.76,550.4600000000002,2026-02-20,2026-04-22,-21,19,2026-04-29,359.8421052631579
1327,2025-09-30,App Store,Banking,CA,35-44,0,Active,20,952.0600000000001,626.9200000000001,3.4699999999999998,325.14,2025-10-11,2026-04-19,-18,28,2026-04-28,310.14285714285717
1337,2026-02-12,Email,Banking,WA,18-24,0,Active,10,570.68,75.12,3.28,495.55999999999995,2026-02-17,2026-04-28,-27,27,2026-05-02,273.6296296296296
1403,2025-08-26,Organic,Both,WA,25-34,0,Active,17,919.3500000000001,219.32,5.24,700.0300000000001,2025-08-27,2026-04-30,-29,27,2026-04-21,330.0
1410,2025-07-22,Paid Social,Banking,CO,25-34,1,Silent,17,691.66,103.34,3.3600000000000003,588.3199999999999,2025-07-23,2025-11-07,145,27,2025-11-20,359.18518518518516
1417,2025-11-04,App Store,Both,NY,18-24,0,Active,15,665.73,64.41,2.7199999999999998,601.32,2025-11-04,2026-04-09,-8,21,2026-04-27,306.23809523809524
1439,2025-06-29,Paid Social,Banking,OH,25-34,0,Active,22,1487.3499999999997,217.96000000000004,5.09,1269.3899999999999,2025-07-10,2026-05-01,-30,20,2026-04-23,303.55
1444,2025-10-19,Organic,Banking,IL,25-34,0,Active,20,1154.03,598.06,2.45,555.97,2025-10-21,2026-04-25,-24,25,2026-04-28,265.4
1448,2026-01-19,Email,Invest,GA,25-34,0,Active,14,667.1999999999998,121.37,3.04,545.8299999999999,2026-01-26,2026-04-23,-22,28,2026-05-04,333.60714285714283
1449,2025-06-23,Referral,Banking,GA,35-44,0,Active,19,1751.3,604.58,1.28,1146.7200000000003,2025-08-14,2026-05-03,-32,20,2026-04-26,293.1
1463,2025-08-05,Organic,Banking,CO,25-34,0,Active,12,851.86,401.09000000000003,2.84,450.77,2025-08-12,2026-04-22,-21,26,2026-04-29,327.2307692307692
1497,2025-11-19,Organic,Banking,CA,25-34,0,Active,8,523.8299999999999,0.0,3.46,523.8299999999999,2025-11-28,2026-03-23,9,8,2026-04-04,331.875
